Sample,Gloss,Label,Person
train_00000,AUTORIJDEN,5,i034
train_00001,AUTORIJDEN,5,i060
train_00002,AUTORIJDEN,5,i001
train_00003,AUTORIJDEN,5,i030
train_00005,AUTORIJDEN,5,i032
train_00006,AUTORIJDEN,5,i015
train_00007,AUTORIJDEN,5,i026
train_00008,AUTORIJDEN,5,i054
train_00009,AUTORIJDEN,5,i066
train_00010,AUTORIJDEN,5,i042
train_00012,AUTORIJDEN,5,i019
train_00013,AUTORIJDEN,5,i030
train_00014,AUTORIJDEN,5,i040
train_00016,AUTORIJDEN,5,i005
train_00018,AUTORIJDEN,5,i032
train_00019,AUTORIJDEN,5,i050
train_00020,AUTORIJDEN,5,i066
train_00021,AUTORIJDEN,5,i018
train_00026,AUTORIJDEN,5,i013
train_00027,AUTORIJDEN,5,i050
train_00028,AUTORIJDEN,5,i062
train_00029,AUTORIJDEN,5,i056
train_00030,AUTORIJDEN,5,i056
train_00031,AUTORIJDEN,5,i052
train_00032,AUTORIJDEN,5,i066
train_00033,AUTORIJDEN,5,i064
train_00034,AUTORIJDEN,5,i040
train_00036,AUTORIJDEN,5,i034
train_00039,AUTORIJDEN,5,i054
train_00040,AUTORIJDEN,5,i017
train_00041,AUTORIJDEN,5,i058
train_00042,AUTORIJDEN,5,i030
train_00043,AUTORIJDEN,5,i058
train_00044,AUTORIJDEN,5,i040
train_00045,AUTORIJDEN,5,i040
train_00047,AUTORIJDEN,5,i032
train_00048,AUTORIJDEN,5,i036
train_00049,AUTORIJDEN,5,i009
train_00050,AUTORIJDEN,5,i038
train_00051,AUTORIJDEN,5,i052
train_00052,AUTORIJDEN,5,i060
train_00054,AUTORIJDEN,5,i048
train_00056,AUTORIJDEN,5,i013
train_00057,AUTORIJDEN,5,i009
train_00060,AUTORIJDEN,5,i042
train_00061,AUTORIJDEN,5,i058
train_00062,AUTORIJDEN,5,i054
train_00063,AUTORIJDEN,5,i026
train_00064,AUTORIJDEN,5,i020
train_00066,AUTORIJDEN,5,i056
train_00067,AUTORIJDEN,5,i032
train_00070,AUTORIJDEN,5,i020
train_00071,AUTORIJDEN,5,i011
train_00072,AUTORIJDEN,5,i005
train_00073,AUTORIJDEN,5,i001
train_00074,AUTORIJDEN,5,i054
train_00076,AUTORIJDEN,5,i036
train_00077,AUTORIJDEN,5,i044
train_00078,AUTORIJDEN,5,i054
train_00079,AUTORIJDEN,5,i050
train_00080,AUTORIJDEN,5,i032
train_00081,AUTORIJDEN,5,i015
train_00082,AUTORIJDEN,5,i046
train_00083,AUTORIJDEN,5,i024
train_00084,AUTORIJDEN,5,i018
train_00085,AUTORIJDEN,5,i032
train_00086,AUTORIJDEN,5,i056
train_00087,AUTORIJDEN,5,i011
train_00088,AUTORIJDEN,5,i020
train_00089,AUTORIJDEN,5,i022
train_00090,AUTORIJDEN,5,i042
train_00091,AUTORIJDEN,5,i062
train_00092,AUTORIJDEN,5,i018
train_00093,AUTORIJDEN,5,i015
train_00094,AUTORIJDEN,5,i066
train_00095,AUTORIJDEN,5,i017
train_00096,AUTORIJDEN,5,i038
train_00098,AUTORIJDEN,5,i032
train_00099,AUTORIJDEN,5,i020
train_00100,AUTORIJDEN,5,i026
train_00101,AUTORIJDEN,5,i018
train_00102,AUTORIJDEN,5,i003
train_00105,AUTORIJDEN,5,i052
train_00106,AUTORIJDEN,5,i011
train_00107,AUTORIJDEN,5,i011
train_00108,AUTORIJDEN,5,i060
train_00109,AUTORIJDEN,5,i056
train_00111,AUTORIJDEN,5,i060
train_00112,AUTORIJDEN,5,i022
train_00113,AUTORIJDEN,5,i058
train_00114,AUTORIJDEN,5,i024
train_00116,AUTORIJDEN,5,i049
train_00118,AUTORIJDEN,5,i056
train_00119,AUTORIJDEN,5,i032
train_00120,AUTORIJDEN,5,i054
train_00121,AUTORIJDEN,5,i052
train_00122,AUTORIJDEN,5,i042
train_00123,AUTORIJDEN,5,i058
train_00124,AUTORIJDEN,5,i032
train_00125,AUTORIJDEN,5,i038
train_00126,AUTORIJDEN,5,i020
train_00128,AUTORIJDEN,5,i022
train_00130,AUTORIJDEN,5,i066
train_00131,AUTORIJDEN,5,i022
train_00132,AUTORIJDEN,5,i003
train_00134,AUTORIJDEN,5,i022
train_00136,AUTORIJDEN,5,i058
train_00137,AUTORIJDEN,5,i032
train_00138,AUTORIJDEN,5,i058
train_00139,AUTORIJDEN,5,i009
train_00140,AUTORIJDEN,5,i050
train_00142,AUTORIJDEN,5,i042
train_00144,AUTORIJDEN,5,i052
train_00146,AUTORIJDEN,5,i018
train_00147,AUTORIJDEN,5,i018
train_00148,AUTORIJDEN,5,i066
train_00151,AUTORIJDEN,5,i032
train_00152,AUTORIJDEN,5,i050
train_00153,AUTORIJDEN,5,i038
train_00154,AUTORIJDEN,5,i052
train_00155,AUTORIJDEN,5,i022
train_00156,AUTORIJDEN,5,i036
train_00157,AUTORIJDEN,5,i052
train_00158,AUTORIJDEN,5,i054
train_00159,AUTORIJDEN,5,i024
train_00160,AUTORIJDEN,5,i040
train_00161,AUTORIJDEN,5,i024
train_00162,AUTORIJDEN,5,i026
train_00163,AUTORIJDEN,5,i054
train_00165,AUTORIJDEN,5,i026
train_00166,AUTORIJDEN,5,i056
train_00167,AUTORIJDEN,5,i019
train_00168,AUTORIJDEN,5,i019
train_00169,AUTORIJDEN,5,i015
train_00171,AUTORIJDEN,5,i044
train_00174,AUTORIJDEN,5,i007
train_00175,AUTORIJDEN,5,i001
train_00176,AUTORIJDEN,5,i024
train_00178,AUTORIJDEN,5,i066
train_00179,AUTORIJDEN,5,i022
train_00180,AUTORIJDEN,5,i058
train_00186,AUTORIJDEN,5,i036
train_00188,AUTORIJDEN,5,i054
train_00189,AUTORIJDEN,5,i034
train_00190,AUTORIJDEN,5,i022
train_00191,AUTORIJDEN,5,i022
train_00193,AUTORIJDEN,5,i022
train_00194,AUTORIJDEN,5,i001
train_00195,AUTORIJDEN,5,i066
train_00198,AUTORIJDEN,5,i034
train_00199,AUTORIJDEN,5,i020
train_00201,AUTORIJDEN,5,i052
train_00203,AUTORIJDEN,5,i036
train_00206,AUTORIJDEN,5,i040
train_00207,AUTORIJDEN,5,i022
train_00208,AUTORIJDEN,5,i066
train_00209,AUTORIJDEN,5,i048
train_00210,AUTORIJDEN,5,i042
train_00211,AUTORIJDEN,5,i022
train_00212,AUTORIJDEN,5,i048
train_00213,AUTORIJDEN,5,i054
train_00214,AUTORIJDEN,5,i024
train_00215,AUTORIJDEN,5,i034
train_00216,AUTORIJDEN,5,i032
train_00217,AUTORIJDEN,5,i022
train_00218,AUTORIJDEN,5,i022
train_00220,AUTORIJDEN,5,i022
train_00222,AUTORIJDEN,5,i020
train_00224,AUTORIJDEN,5,i050
train_00226,AUTORIJDEN,5,i017
train_00227,AUTORIJDEN,5,i005
train_00228,AUTORIJDEN,5,i060
train_00230,AUTORIJDEN,5,i048
train_00231,AUTORIJDEN,5,i022
train_00232,AUTORIJDEN,5,i026
train_00233,AUTORIJDEN,5,i020
train_00234,AUTORIJDEN,5,i052
train_00235,AUTORIJDEN,5,i052
train_00236,AUTORIJDEN,5,i040
train_00238,AUTORIJDEN,5,i036
train_00239,AUTORIJDEN,5,i058
train_00240,AUTORIJDEN,5,i018
train_00241,AUTORIJDEN,5,i044
train_00242,AUTORIJDEN,5,i020
train_00243,AUTORIJDEN,5,i020
train_00244,AUTORIJDEN,5,i044
train_00245,AUTORIJDEN,5,i030
train_00246,AUTORIJDEN,5,i032
train_00247,AUTORIJDEN,5,i013
train_00249,AUTORIJDEN,5,i020
train_00251,AUTORIJDEN,5,i026
train_00252,AUTORIJDEN,5,i046
train_00253,AUTORIJDEN,5,i015
train_00254,AUTORIJDEN,5,i034
train_00255,AUTORIJDEN,5,i001
train_00257,AUTORIJDEN,5,i052
train_00259,AUTORIJDEN,5,i024
train_00260,AUTORIJDEN,5,i064
train_00261,AUTORIJDEN,5,i066
train_00263,AUTORIJDEN,5,i001
train_00264,AUTORIJDEN,5,i042
train_00267,AUTORIJDEN,5,i054
train_00268,AUTORIJDEN,5,i066
train_00270,AUTORIJDEN,5,i064
train_00271,AUTORIJDEN,5,i048
train_00272,AUTORIJDEN,5,i013
train_00273,AUTORIJDEN,5,i054
train_00274,AUTORIJDEN,5,i042
train_00275,AUTORIJDEN,5,i036
train_00277,AUTORIJDEN,5,i020
train_00278,AUTORIJDEN,5,i038
train_00279,AUTORIJDEN,5,i020
train_00280,AUTORIJDEN,5,i022
train_00282,AUTORIJDEN,5,i052
train_00283,AUTORIJDEN,5,i054
train_00284,AUTORIJDEN,5,i054
train_00285,AUTORIJDEN,5,i058
train_00286,AUTORIJDEN,5,i040
train_00287,AUTORIJDEN,5,i050
train_00288,AUTORIJDEN,5,i032
train_00289,AUTORIJDEN,5,i003
train_00290,AUTORIJDEN,5,i062
train_00291,AUTORIJDEN,5,i024
train_00292,AUTORIJDEN,5,i030
train_00294,AUTORIJDEN,5,i023
train_00295,AUTORIJDEN,5,i001
train_00296,AUTORIJDEN,5,i040
train_00297,AUTORIJDEN,5,i042
train_00301,AUTORIJDEN,5,i048
train_00303,AUTORIJDEN,5,i056
train_00305,AUTORIJDEN,5,i056
train_00306,AUTORIJDEN,5,i032
train_00307,AUTORIJDEN,5,i030
train_00308,AUTORIJDEN,5,i048
train_00310,ZIEN,14,i025
train_00311,ZIEN,14,i011
train_00312,ZIEN,14,i051
train_00314,ZIEN,14,i020
train_00315,ZIEN,14,i011
train_00316,ZIEN,14,i021
train_00317,ZIEN,14,i013
train_00318,ZIEN,14,i019
train_00319,ZIEN,14,i042
train_00320,ZIEN,14,i029
train_00322,ZIEN,14,i003
train_00323,ZIEN,14,i023
train_00324,ZIEN,14,i055
train_00325,ZIEN,14,i025
train_00326,ZIEN,14,i053
train_00330,ZIEN,14,i013
train_00331,ZIEN,14,i065
train_00332,ZIEN,14,i001
train_00333,ZIEN,14,i013
train_00334,ZIEN,14,i003
train_00335,ZIEN,14,i029
train_00336,ZIEN,14,i029
train_00337,ZIEN,14,i003
train_00338,ZIEN,14,i031
train_00339,ZIEN,14,i021
train_00341,ZIEN,14,i029
train_00343,ZIEN,14,i015
train_00344,ZIEN,14,i017
train_00345,ZIEN,14,i029
train_00346,ZIEN,14,i019
train_00347,ZIEN,14,i001
train_00349,ZIEN,14,i049
train_00350,ZIEN,14,i048
train_00351,ZIEN,14,i011
train_00353,ZIEN,14,i021
train_00354,ZIEN,14,i044
train_00355,ZIEN,14,i038
train_00356,ZIEN,14,i047
train_00357,ZIEN,14,i046
train_00358,ZIEN,14,i061
train_00359,ZIEN,14,i029
train_00360,ZIEN,14,i026
train_00361,ZIEN,14,i054
train_00362,ZIEN,14,i048
train_00363,ZIEN,14,i047
train_00364,ZIEN,14,i017
train_00367,ZIEN,14,i021
train_00368,ZIEN,14,i015
train_00369,ZIEN,14,i047
train_00370,ZIEN,14,i019
train_00371,ZIEN,14,i022
train_00372,ZIEN,14,i047
train_00373,ZIEN,14,i001
train_00374,ZIEN,14,i013
train_00375,ZIEN,14,i024
train_00376,ZIEN,14,i049
train_00378,ZIEN,14,i011
train_00381,ZIEN,14,i029
train_00382,ZIEN,14,i005
train_00383,ZIEN,14,i019
train_00384,ZIEN,14,i045
train_00385,ZIEN,14,i009
train_00386,ZIEN,14,i025
train_00387,ZIEN,14,i015
train_00388,ZIEN,14,i049
train_00390,ZIEN,14,i025
train_00391,ZIEN,14,i015
train_00392,ZIEN,14,i037
train_00393,ZIEN,14,i066
train_00394,ZIEN,14,i047
train_00396,ZIEN,14,i013
train_00397,ZIEN,14,i046
train_00398,ZIEN,14,i017
train_00399,ZIEN,14,i013
train_00400,ZIEN,14,i060
train_00401,ZIEN,14,i013
train_00402,ZIEN,14,i048
train_00403,ZIEN,14,i003
train_00405,ZIEN,14,i051
train_00406,ZIEN,14,i019
train_00407,ZIEN,14,i049
train_00408,ZIEN,14,i025
train_00409,ZIEN,14,i047
train_00410,ZIEN,14,i047
train_00411,ZIEN,14,i017
train_00412,ZIEN,14,i017
train_00413,ZIEN,14,i049
train_00415,ZIEN,14,i011
train_00416,ZIEN,14,i001
train_00417,ZIEN,14,i011
train_00418,ZIEN,14,i051
train_00419,ZIEN,14,i019
train_00420,ZIEN,14,i063
train_00421,ZIEN,14,i019
train_00422,ZIEN,14,i039
train_00423,ZIEN,14,i042
train_00424,ZIEN,14,i017
train_00425,ZIEN,14,i023
train_00426,ZIEN,14,i045
train_00427,ZIEN,14,i009
train_00428,ZIEN,14,i046
train_00429,ZIEN,14,i011
train_00430,ZIEN,14,i037
train_00431,ZIEN,14,i029
train_00434,ZIEN,14,i062
train_00435,ZIEN,14,i013
train_00436,ZIEN,14,i029
train_00437,ZIEN,14,i005
train_00438,ZIEN,14,i029
train_00439,ZIEN,14,i054
train_00440,ZIEN,14,i019
train_00441,ZIEN,14,i055
train_00442,ZIEN,14,i005
train_00443,ZIEN,14,i029
train_00444,ZIEN,14,i031
train_00445,ZIEN,14,i024
train_00447,ZIEN,14,i053
train_00449,ZIEN,14,i009
train_00450,ZIEN,14,i029
train_00451,ZIEN,14,i020
train_00452,ZIEN,14,i065
train_00453,ZIEN,14,i063
train_00454,ZIEN,14,i038
train_00455,ZIEN,14,i020
train_00456,ZIEN,14,i003
train_00457,ZIEN,14,i035
train_00458,ZIEN,14,i042
train_00459,ZIEN,14,i013
train_00460,ZIEN,14,i001
train_00461,ZIEN,14,i037
train_00462,ZIEN,14,i051
train_00463,ZIEN,14,i053
train_00464,ZIEN,14,i065
train_00466,ZIEN,14,i013
train_00467,ZIEN,14,i015
train_00469,ZIEN,14,i025
train_00470,ZIEN,14,i011
train_00471,ZIEN,14,i017
train_00472,ZIEN,14,i041
train_00473,ZIEN,14,i047
train_00474,ZIEN,14,i054
train_00475,ZIEN,14,i066
train_00476,ZIEN,14,i029
train_00477,ZIEN,14,i025
train_00478,AANKOMEN,12,i049
train_00479,AANKOMEN,12,i063
train_00480,AANKOMEN,12,i001
train_00481,AANKOMEN,12,i061
train_00482,AANKOMEN,12,i053
train_00483,AANKOMEN,12,i013
train_00484,AANKOMEN,12,i031
train_00485,AANKOMEN,12,i053
train_00486,AANKOMEN,12,i032
train_00487,AANKOMEN,12,i019
train_00488,AANKOMEN,12,i053
train_00489,AANKOMEN,12,i007
train_00490,AANKOMEN,12,i005
train_00491,AANKOMEN,12,i063
train_00493,AANKOMEN,12,i013
train_00495,AANKOMEN,12,i061
train_00496,AANKOMEN,12,i045
train_00497,AANKOMEN,12,i009
train_00498,AANKOMEN,12,i007
train_00499,AANKOMEN,12,i013
train_00500,AANKOMEN,12,i041
train_00501,AANKOMEN,12,i035
train_00502,AANKOMEN,12,i021
train_00503,AANKOMEN,12,i061
train_00504,AANKOMEN,12,i049
train_00505,AANKOMEN,12,i061
train_00506,AANKOMEN,12,i035
train_00507,AANKOMEN,12,i047
train_00508,AANKOMEN,12,i013
train_00509,AANKOMEN,12,i061
train_00510,AANKOMEN,12,i055
train_00511,AANKOMEN,12,i013
train_00512,AANKOMEN,12,i009
train_00513,AANKOMEN,12,i005
train_00514,AANKOMEN,12,i065
train_00515,AANKOMEN,12,i037
train_00516,AANKOMEN,12,i009
train_00518,AANKOMEN,12,i026
train_00519,AANKOMEN,12,i061
train_00520,AANKOMEN,12,i047
train_00521,AANKOMEN,12,i011
train_00522,AANKOMEN,12,i031
train_00524,AANKOMEN,12,i023
train_00525,AANKOMEN,12,i007
train_00526,AANKOMEN,12,i043
train_00527,AANKOMEN,12,i021
train_00528,AANKOMEN,12,i053
train_00529,AANKOMEN,12,i045
train_00531,AANKOMEN,12,i026
train_00532,AANKOMEN,12,i057
train_00533,AANKOMEN,12,i007
train_00534,AANKOMEN,12,i017
train_00535,AANKOMEN,12,i066
train_00536,AANKOMEN,12,i017
train_00537,AANKOMEN,12,i017
train_00538,AANKOMEN,12,i005
train_00539,AANKOMEN,12,i051
train_00540,AANKOMEN,12,i049
train_00541,AANKOMEN,12,i013
train_00542,AANKOMEN,12,i013
train_00543,AANKOMEN,12,i047
train_00544,AANKOMEN,12,i015
train_00545,AANKOMEN,12,i017
train_00546,AANKOMEN,12,i007
train_00547,AANKOMEN,12,i009
train_00548,AANKOMEN,12,i057
train_00549,AANKOMEN,12,i001
train_00550,AANKOMEN,12,i017
train_00551,AANKOMEN,12,i055
train_00552,AANKOMEN,12,i047
train_00553,AANKOMEN,12,i049
train_00554,AANKOMEN,12,i026
train_00555,AANKOMEN,12,i021
train_00556,AANKOMEN,12,i049
train_00557,AANKOMEN,12,i001
train_00558,AANKOMEN,12,i015
train_00559,AANKOMEN,12,i063
train_00560,AANKOMEN,12,i037
train_00561,AANKOMEN,12,i019
train_00562,AANKOMEN,12,i013
train_00563,AANKOMEN,12,i057
train_00564,AANKOMEN,12,i027
train_00565,AANKOMEN,12,i019
train_00566,AANKOMEN,12,i001
train_00567,AANKOMEN,12,i013
train_00568,AANKOMEN,12,i041
train_00569,AANKOMEN,12,i027
train_00570,AANKOMEN,12,i001
train_00571,AANKOMEN,12,i027
train_00573,AANKOMEN,12,i055
train_00574,AANKOMEN,12,i005
train_00575,AANKOMEN,12,i019
train_00576,AANKOMEN,12,i047
train_00577,AANKOMEN,12,i021
train_00578,AANKOMEN,12,i026
train_00579,AANKOMEN,12,i001
train_00580,AANKOMEN,12,i055
train_00581,AANKOMEN,12,i043
train_00582,AANKOMEN,12,i057
train_00583,AANKOMEN,12,i053
train_00584,AANKOMEN,12,i017
train_00585,AANKOMEN,12,i049
train_00586,AANKOMEN,12,i059
train_00587,AANKOMEN,12,i013
train_00588,AANKOMEN,12,i065
train_00589,AANKOMEN,12,i005
train_00590,AANKOMEN,12,i001
train_00591,AANKOMEN,12,i035
train_00592,AANKOMEN,12,i017
train_00593,AANKOMEN,12,i027
train_00594,AANKOMEN,12,i037
train_00595,AANKOMEN,12,i061
train_00596,AANKOMEN,12,i001
train_00597,AANKOMEN,12,i042
train_00598,AANKOMEN,12,i061
train_00599,AANKOMEN,12,i023
train_00600,AANKOMEN,12,i017
train_00601,AANKOMEN,12,i053
train_00602,AANKOMEN,12,i065
train_00603,AANKOMEN,12,i057
train_00604,AANKOMEN,12,i019
train_00605,AANKOMEN,12,i013
train_00606,AANKOMEN,12,i045
train_00607,AANKOMEN,12,i047
train_00608,AANKOMEN,12,i017
train_00609,AANKOMEN,12,i045
train_00610,AANKOMEN,12,i019
train_00611,AANKOMEN,12,i019
train_00612,AANKOMEN,12,i027
train_00613,AANKOMEN,12,i034
train_00614,AANKOMEN,12,i063
train_00615,AANKOMEN,12,i063
train_00616,AANKOMEN,12,i065
train_00617,AANKOMEN,12,i043
train_00619,AANKOMEN,12,i005
train_00620,AANKOMEN,12,i027
train_00621,AANKOMEN,12,i001
train_00622,AANKOMEN,12,i049
train_00624,AANKOMEN,12,i057
train_00625,AANKOMEN,12,i047
train_00626,AANKOMEN,12,i061
train_00627,AANKOMEN,12,i021
train_00628,AANKOMEN,12,i053
train_00630,AANKOMEN,12,i047
train_00631,AANKOMEN,12,i017
train_00632,AANKOMEN,12,i035
train_00633,AANKOMEN,12,i035
train_00634,AANKOMEN,12,i017
train_00635,AANKOMEN,12,i043
train_00636,AANKOMEN,12,i017
train_00637,AANKOMEN,12,i043
train_00638,AANKOMEN,12,i027
train_00639,AANKOMEN,12,i013
train_00640,AANKOMEN,12,i001
train_00641,AANKOMEN,12,i055
train_00642,AANKOMEN,12,i017
train_00643,AANKOMEN,12,i001
train_00644,AANKOMEN,12,i021
train_00645,AANKOMEN,12,i053
train_00646,AANKOMEN,12,i007
train_00647,AANKOMEN,12,i055
train_00648,AANKOMEN,12,i047
train_00649,AANKOMEN,12,i043
train_00650,AANKOMEN,12,i059
train_00651,AANKOMEN,12,i031
train_00652,AANKOMEN,12,i042
train_00653,AANKOMEN,12,i017
train_00654,AANKOMEN,12,i009
train_00655,AANKOMEN,12,i035
train_00656,AANKOMEN,12,i009
train_00657,AANKOMEN,12,i027
train_00658,AANKOMEN,12,i031
train_00659,AANKOMEN,12,i009
train_00660,AANKOMEN,12,i025
train_00858,NIET,17,i025
train_00859,NIET,17,i017
train_00860,NIET,17,i011
train_00861,NIET,17,i042
train_00862,NIET,17,i031
train_00863,NIET,17,i009
train_00864,NIET,17,i020
train_00865,NIET,17,i020
train_00866,NIET,17,i051
train_00867,NIET,17,i019
train_00868,NIET,17,i011
train_00869,NIET,17,i023
train_00870,NIET,17,i019
train_00871,NIET,17,i013
train_00872,NIET,17,i047
train_00873,NIET,17,i023
train_00876,NIET,17,i011
train_00877,NIET,17,i054
train_00878,NIET,17,i019
train_00880,NIET,17,i052
train_00881,NIET,17,i001
train_00883,NIET,17,i015
train_00884,NIET,17,i017
train_00885,NIET,17,i042
train_00886,NIET,17,i005
train_00887,NIET,17,i013
train_00888,NIET,17,i001
train_00889,NIET,17,i051
train_00890,NIET,17,i013
train_00892,NIET,17,i017
train_00893,NIET,17,i023
train_00894,NIET,17,i020
train_00895,NIET,17,i013
train_00897,NIET,17,i020
train_00898,NIET,17,i015
train_00899,NIET,17,i031
train_00900,NIET,17,i005
train_00901,NIET,17,i019
train_00902,NIET,17,i049
train_00903,NIET,17,i003
train_00904,NIET,17,i001
train_00905,NIET,17,i020
train_00906,NIET,17,i011
train_00907,NIET,17,i015
train_00910,NIET,17,i020
train_00911,NIET,17,i005
train_00912,NIET,17,i019
train_00913,NIET,17,i047
train_00914,NIET,17,i001
train_00916,NIET,17,i053
train_00917,NIET,17,i051
train_00919,NIET,17,i060
train_00920,NIET,17,i011
train_00922,NIET,17,i029
train_00923,NIET,17,i055
train_00924,NIET,17,i017
train_00925,NIET,17,i011
train_00926,NIET,17,i013
train_00927,NIET,17,i015
train_00928,NIET,17,i013
train_00929,NIET,17,i019
train_00931,NIET,17,i020
train_00932,NIET,17,i011
train_00935,NIET,17,i054
train_00936,NIET,17,i009
train_00937,NIET,17,i051
train_00939,NIET,17,i017
train_00941,NIET,17,i013
train_00942,NIET,17,i001
train_00943,NIET,17,i011
train_00947,NIET,17,i017
train_00948,NIET,17,i020
train_00949,NIET,17,i017
train_00950,NIET,17,i020
train_00951,NIET,17,i013
train_00952,NIET,17,i055
train_00953,NIET,17,i001
train_00954,NIET,17,i042
train_00955,NIET,17,i019
train_00956,NIET,17,i019
train_00957,NIET,17,i058
train_00958,NIET,17,i015
train_00960,NIET,17,i017
train_00962,NIET,17,i055
train_00964,NIET,17,i049
train_00965,NIET,17,i015
train_00967,NIET,17,i013
train_00968,NIET,17,i013
train_00969,NIET,17,i051
train_00970,NIET,17,i001
train_00971,NIET,17,i019
train_00972,NIET,17,i013
train_00973,NIET,17,i054
train_00975,NIET,17,i017
train_00978,NIET,17,i023
train_00979,NIET,17,i013
train_00981,NIET,17,i021
train_00984,NIET,17,i020
train_00985,NIET,17,i011
train_00986,NIET,17,i017
train_00987,NIET,17,i001
train_00988,NIET,17,i005
train_00989,NIET,17,i052
train_00990,NIET,17,i013
train_00991,NIET,17,i001
train_00992,NIET,17,i017
train_00993,NIET,17,i013
train_00994,NIET,17,i019
train_00995,NIET,17,i013
train_00996,NIET,17,i005
train_00997,NIET,17,i001
train_00999,NIET,17,i001
train_01000,NIET,17,i020
train_01002,NIET,17,i029
train_01003,NIET,17,i026
train_01004,NIET,17,i001
train_01005,NIET,17,i020
train_01007,NIET,17,i009
train_01008,NIET,17,i015
train_01009,NIET,17,i055
train_01010,NIET,17,i013
train_01011,NIET,17,i013
train_01012,NIET,17,i019
train_01013,NIET,17,i011
train_01014,NIET,17,i034
train_01017,NIET,17,i013
train_01018,NIET,17,i013
train_01019,NIET,17,i013
train_01020,NIET,17,i019
train_01021,NIET,17,i015
train_01023,NIET,17,i051
train_01024,ECHT,15,i035
train_01025,ECHT,15,i031
train_01026,ECHT,15,i035
train_01027,ECHT,15,i053
train_01028,ECHT,15,i001
train_01029,ECHT,15,i005
train_01030,ECHT,15,i042
train_01031,ECHT,15,i057
train_01032,ECHT,15,i049
train_01033,ECHT,15,i025
train_01034,ECHT,15,i057
train_01035,ECHT,15,i042
train_01036,ECHT,15,i053
train_01037,ECHT,15,i037
train_01038,ECHT,15,i019
train_01039,ECHT,15,i042
train_01040,ECHT,15,i048
train_01041,ECHT,15,i021
train_01042,ECHT,15,i050
train_01043,ECHT,15,i031
train_01044,ECHT,15,i027
train_01045,ECHT,15,i025
train_01046,ECHT,15,i013
train_01047,ECHT,15,i001
train_01048,ECHT,15,i019
train_01049,ECHT,15,i023
train_01050,ECHT,15,i011
train_01051,ECHT,15,i031
train_01053,ECHT,15,i007
train_01054,ECHT,15,i021
train_01055,ECHT,15,i021
train_01056,ECHT,15,i045
train_01058,ECHT,15,i013
train_01059,ECHT,15,i009
train_01060,ECHT,15,i001
train_01062,ECHT,15,i007
train_01063,ECHT,15,i013
train_01064,ECHT,15,i031
train_01065,ECHT,15,i020
train_01066,ECHT,15,i007
train_01067,ECHT,15,i019
train_01068,ECHT,15,i030
train_01069,ECHT,15,i051
train_01070,ECHT,15,i052
train_01071,ECHT,15,i011
train_01072,ECHT,15,i047
train_01074,ECHT,15,i042
train_01075,ECHT,15,i005
train_01076,ECHT,15,i057
train_01077,ECHT,15,i003
train_01078,ECHT,15,i031
train_01079,ECHT,15,i013
train_01080,ECHT,15,i035
train_01081,ECHT,15,i013
train_01082,ECHT,15,i015
train_01083,ECHT,15,i025
train_01084,ECHT,15,i017
train_01085,ECHT,15,i005
train_01086,ECHT,15,i057
train_01087,ECHT,15,i013
train_01088,ECHT,15,i025
train_01089,ECHT,15,i009
train_01090,ECHT,15,i057
train_01091,ECHT,15,i061
train_01092,ECHT,15,i050
train_01093,ECHT,15,i025
train_01094,ECHT,15,i041
train_01095,ECHT,15,i057
train_01096,ECHT,15,i007
train_01097,ECHT,15,i053
train_01098,ECHT,15,i053
train_01099,ECHT,15,i031
train_01100,ECHT,15,i051
train_01101,ECHT,15,i009
train_01102,ECHT,15,i042
train_01103,ECHT,15,i042
train_01104,ECHT,15,i001
train_01105,ECHT,15,i053
train_01106,ECHT,15,i042
train_01107,ECHT,15,i027
train_01108,ECHT,15,i001
train_01110,ECHT,15,i051
train_01111,ECHT,15,i013
train_01112,ECHT,15,i003
train_01113,ECHT,15,i013
train_01114,ECHT,15,i043
train_01115,ECHT,15,i049
train_01116,ECHT,15,i001
train_01117,ECHT,15,i009
train_01118,ECHT,15,i013
train_01120,ECHT,15,i057
train_01121,ECHT,15,i027
train_01122,ECHT,15,i025
train_01123,ECHT,15,i034
train_01124,ECHT,15,i001
train_01125,ECHT,15,i013
train_01127,ECHT,15,i035
train_01128,ECHT,15,i031
train_01129,ECHT,15,i041
train_01130,ECHT,15,i011
train_01131,ECHT,15,i020
train_01132,ECHT,15,i011
train_01133,ECHT,15,i061
train_01134,ECHT,15,i057
train_01135,ECHT,15,i011
train_01136,ECHT,15,i057
train_01137,ECHT,15,i021
train_01138,ECHT,15,i053
train_01139,ECHT,15,i022
train_01140,ECHT,15,i027
train_01141,ECHT,15,i049
train_01142,ECHT,15,i031
train_01144,ECHT,15,i051
train_01145,ECHT,15,i061
train_01147,ECHT,15,i065
train_01148,ECHT,15,i050
train_01150,ECHT,15,i026
train_01151,ECHT,15,i025
train_01152,ECHT,15,i013
train_01153,ECHT,15,i061
train_01155,ECHT,15,i051
train_01156,ECHT,15,i045
train_01157,ECHT,15,i019
train_01158,ECHT,15,i042
train_01159,ECHT,15,i001
train_01160,ECHT,15,i032
train_01161,ECHT,15,i040
train_01162,ECHT,15,i050
train_01163,ECHT,15,i021
train_01164,ECHT,15,i001
train_01165,ECHT,15,i018
train_01166,ECHT,15,i035
train_01167,ECHT,15,i038
train_01168,ECHT,15,i035
train_01169,ECHT,15,i025
train_01170,ECHT,15,i057
train_01171,ECHT,15,i005
train_01172,ECHT,15,i049
train_01173,ECHT,15,i007
train_01174,ECHT,15,i013
train_01175,ECHT,15,i013
train_01176,ECHT,15,i007
train_01177,ECHT,15,i057
train_01178,ECHT,15,i025
train_01180,ECHT,15,i035
train_01181,ECHT,15,i040
train_01182,ECHT,15,i053
train_01185,ECHT,15,i007
train_01186,ECHT,15,i001
train_01187,ECHT,15,i011
train_01188,ECHT,15,i050
train_01189,ECHT,15,i025
train_01190,ECHT,15,i057
train_01191,ECHT,15,i027
train_01192,ECHT,15,i023
train_01193,ECHT,15,i011
train_01195,ECHT,15,i001
train_01196,JA,16,i021
train_01197,JA,16,i011
train_01198,JA,16,i068
train_01199,JA,16,i053
train_01201,JA,16,i013
train_01202,JA,16,i029
train_01205,JA,16,i015
train_01206,JA,16,i013
train_01207,JA,16,i013
train_01209,JA,16,i013
train_01213,JA,16,i017
train_01214,JA,16,i026
train_01215,JA,16,i042
train_01216,JA,16,i013
train_01217,JA,16,i026
train_01218,JA,16,i023
train_01219,JA,16,i019
train_01220,JA,16,i023
train_01221,JA,16,i019
train_01223,JA,16,i013
train_01225,JA,16,i011
train_01226,JA,16,i025
train_01228,JA,16,i005
train_01229,JA,16,i026
train_01230,JA,16,i011
train_01232,JA,16,i015
train_01233,JA,16,i011
train_01234,JA,16,i015
train_01236,JA,16,i013
train_01238,JA,16,i005
train_01241,JA,16,i013
train_01242,JA,16,i001
train_01243,JA,16,i001
train_01244,JA,16,i022
train_01246,JA,16,i029
train_01247,JA,16,i013
train_01248,JA,16,i003
train_01249,JA,16,i015
train_01250,JA,16,i011
train_01251,JA,16,i023
train_01252,JA,16,i015
train_01255,JA,16,i013
train_01257,JA,16,i011
train_01258,JA,16,i005
train_01259,JA,16,i041
train_01260,JA,16,i001
train_01262,JA,16,i009
train_01263,JA,16,i019
train_01264,JA,16,i001
train_01265,JA,16,i022
train_01266,JA,16,i023
train_01267,JA,16,i013
train_01269,JA,16,i034
train_01270,JA,16,i013
train_01271,JA,16,i001
train_01272,JA,16,i019
train_01274,JA,16,i011
train_01275,JA,16,i020
train_01276,JA,16,i031
train_01277,JA,16,i055
train_01279,JA,16,i013
train_01280,JA,16,i003
train_01281,JA,16,i041
train_01282,JA,16,i013
train_01283,JA,16,i019
train_01284,JA,16,i009
train_01285,JA,16,i003
train_01286,JA,16,i013
train_01287,JA,16,i013
train_01292,JA,16,i031
train_01294,JA,16,i019
train_01295,JA,16,i013
train_01296,JA,16,i023
train_01297,JA,16,i017
train_01298,JA,16,i011
train_01299,JA,16,i013
train_01300,JA,16,i026
train_01301,JA,16,i003
train_01302,JA,16,i021
train_01303,JA,16,i021
train_01304,JA,16,i013
train_01308,JA,16,i005
train_01309,JA,16,i005
train_01310,JA,16,i003
train_01311,JA,16,i013
train_01312,JA,16,i031
train_01313,JA,16,i011
train_01314,JA,16,i013
train_01315,JA,16,i019
train_01316,JA,16,i020
train_01318,JA,16,i005
train_01319,JA,16,i020
train_01320,JA,16,i029
train_01321,JA,16,i003
train_01322,JA,16,i003
train_01323,JA,16,i024
train_01329,JA,16,i001
train_01332,JA,16,i005
train_01333,JA,16,i003
train_01334,JA,16,i019
train_01335,JA,16,i020
train_01336,JA,16,i015
train_01338,JA,16,i013
train_01340,JA,16,i019
train_01341,JA,16,i049
train_01343,JA,16,i061
train_01344,JA,16,i011
train_01347,JA,16,i013
train_01348,JA,16,i013
train_01349,JA,16,i003
train_01351,JA,16,i007
train_01352,JA,16,i001
train_01353,JA,16,i031
train_01354,JA,16,i026
train_01355,JA,16,i003
train_01358,JA,16,i019
train_01359,JA,16,i011
train_01360,JA,16,i021
train_01361,JA,16,i068
train_01362,JA,16,i013
train_01363,JA,16,i053
train_01365,JA,16,i013
train_01366,JA,16,i023
train_01369,JA,16,i019
train_01372,JA,16,i003
train_01562,EERST,13,i056
train_01563,EERST,13,i015
train_01565,EERST,13,i043
train_01566,EERST,13,i019
train_01567,EERST,13,i001
train_01568,EERST,13,i061
train_01569,EERST,13,i061
train_01570,EERST,13,i060
train_01571,EERST,13,i065
train_01572,EERST,13,i045
train_01573,EERST,13,i021
train_01575,EERST,13,i013
train_01576,EERST,13,i037
train_01577,EERST,13,i011
train_01578,EERST,13,i001
train_01579,EERST,13,i017
train_01580,EERST,13,i005
train_01581,EERST,13,i021
train_01582,EERST,13,i039
train_01586,EERST,13,i061
train_01587,EERST,13,i031
train_01588,EERST,13,i001
train_01589,EERST,13,i061
train_01590,EERST,13,i047
train_01591,EERST,13,i019
train_01592,EERST,13,i049
train_01593,EERST,13,i034
train_01594,EERST,13,i035
train_01595,EERST,13,i031
train_01596,EERST,13,i053
train_01597,EERST,13,i001
train_01598,EERST,13,i035
train_01599,EERST,13,i013
train_01600,EERST,13,i061
train_01602,EERST,13,i063
train_01603,EERST,13,i011
train_01604,EERST,13,i023
train_01605,EERST,13,i068
train_01606,EERST,13,i005
train_01607,EERST,13,i065
train_01609,EERST,13,i045
train_01610,EERST,13,i038
train_01611,EERST,13,i045
train_01612,EERST,13,i065
train_01613,EERST,13,i017
train_01614,EERST,13,i035
train_01615,EERST,13,i015
train_01616,EERST,13,i047
train_01617,EERST,13,i005
train_01618,EERST,13,i041
train_01620,EERST,13,i019
train_01621,EERST,13,i037
train_01622,EERST,13,i005
train_01623,EERST,13,i049
train_01625,EERST,13,i025
train_01626,EERST,13,i015
train_01627,EERST,13,i019
train_01628,EERST,13,i011
train_01629,EERST,13,i055
train_01630,EERST,13,i041
train_01631,EERST,13,i063
train_01632,EERST,13,i005
train_01633,EERST,13,i013
train_01634,EERST,13,i033
train_01635,EERST,13,i005
train_01636,EERST,13,i061
train_01638,EERST,13,i061
train_01639,EERST,13,i019
train_01640,EERST,13,i019
train_01641,EERST,13,i061
train_01642,EERST,13,i038
train_01643,EERST,13,i055
train_01644,EERST,13,i055
train_01645,EERST,13,i063
train_01646,EERST,13,i013
train_01647,EERST,13,i013
train_01648,EERST,13,i013
train_01649,EERST,13,i061
train_01650,EERST,13,i039
train_01651,EERST,13,i007
train_01653,EERST,13,i007
train_01654,EERST,13,i065
train_01655,EERST,13,i011
train_01656,EERST,13,i035
train_01657,EERST,13,i013
train_01658,EERST,13,i041
train_01659,EERST,13,i063
train_01660,EERST,13,i001
train_01661,EERST,13,i013
train_01663,EERST,13,i065
train_01664,EERST,13,i009
train_01666,EERST,13,i013
train_01667,EERST,13,i005
train_01668,EERST,13,i053
train_01669,EERST,13,i013
train_01670,EERST,13,i019
train_01672,EERST,13,i017
train_01674,EERST,13,i045
train_01676,EERST,13,i015
train_01677,EERST,13,i053
train_01678,EERST,13,i015
train_01679,EERST,13,i011
train_01680,EERST,13,i047
train_01681,EERST,13,i049
train_01682,EERST,13,i026
train_01683,EERST,13,i017
train_01686,EERST,13,i009
train_01688,EERST,13,i005
train_01689,EERST,13,i024
train_01690,EERST,13,i017
train_01691,EERST,13,i055
train_01692,EERST,13,i019
train_01693,EERST,13,i025
train_01694,EERST,13,i025
train_01695,EERST,13,i007
train_01696,EERST,13,i063
train_01700,EERST,13,i001
train_01701,EERST,13,i044
train_01702,EERST,13,i009
train_01703,EERST,13,i001
train_01704,EERST,13,i065
train_01705,EERST,13,i009
train_01706,EERST,13,i051
train_01707,EERST,13,i011
train_01708,EERST,13,i005
train_01709,EERST,13,i001
train_01711,EERST,13,i025
train_01712,EERST,13,i035
train_01713,EERST,13,i049
train_01714,EERST,13,i001
train_01715,EERST,13,i013
train_01716,EERST,13,i061
train_01717,EERST,13,i015
train_01718,EERST,13,i021
train_01719,EERST,13,i017
train_01721,EERST,13,i031
train_01722,EERST,13,i017
train_01723,EERST,13,i041
train_01724,EERST,13,i009
train_01725,EERST,13,i005
train_01726,EERST,13,i061
train_01728,EERST,13,i054
train_01729,EERST,13,i038
train_01730,EERST,13,i015
train_01732,NAAR,6,i015
train_01735,NAAR,6,i042
train_01736,NAAR,6,i038
train_01737,NAAR,6,i060
train_01738,NAAR,6,i021
train_01739,NAAR,6,i003
train_01741,NAAR,6,i032
train_01742,NAAR,6,i005
train_01743,NAAR,6,i001
train_01744,NAAR,6,i055
train_01745,NAAR,6,i034
train_01746,NAAR,6,i042
train_01748,NAAR,6,i009
train_01749,NAAR,6,i031
train_01750,NAAR,6,i009
train_01751,NAAR,6,i043
train_01752,NAAR,6,i048
train_01753,NAAR,6,i009
train_01755,NAAR,6,i042
train_01756,NAAR,6,i011
train_01757,NAAR,6,i013
train_01758,NAAR,6,i011
train_01759,NAAR,6,i024
train_01760,NAAR,6,i024
train_01762,NAAR,6,i029
train_01763,NAAR,6,i001
train_01765,NAAR,6,i013
train_01768,NAAR,6,i042
train_01772,NAAR,6,i048
train_01774,NAAR,6,i046
train_01775,NAAR,6,i034
train_01776,NAAR,6,i024
train_01777,NAAR,6,i015
train_01778,NAAR,6,i011
train_01779,NAAR,6,i023
train_01780,NAAR,6,i011
train_01781,NAAR,6,i058
train_01782,NAAR,6,i054
train_01783,NAAR,6,i037
train_01784,NAAR,6,i003
train_01785,NAAR,6,i030
train_01787,NAAR,6,i001
train_01788,NAAR,6,i001
train_01789,NAAR,6,i001
train_01791,NAAR,6,i052
train_01792,NAAR,6,i052
train_01793,NAAR,6,i037
train_01795,NAAR,6,i011
train_01796,NAAR,6,i044
train_01797,NAAR,6,i013
train_01799,NAAR,6,i001
train_01801,NAAR,6,i068
train_01802,NAAR,6,i001
train_01803,NAAR,6,i025
train_01805,NAAR,6,i030
train_01806,NAAR,6,i021
train_01807,NAAR,6,i021
train_01808,NAAR,6,i018
train_01809,NAAR,6,i013
train_01811,NAAR,6,i024
train_01813,NAAR,6,i049
train_01815,NAAR,6,i026
train_01816,NAAR,6,i001
train_01818,NAAR,6,i054
train_01819,NAAR,6,i049
train_01822,NAAR,6,i011
train_01824,NAAR,6,i051
train_01825,NAAR,6,i025
train_01827,NAAR,6,i046
train_01828,NAAR,6,i001
train_01830,NAAR,6,i042
train_01831,NAAR,6,i011
train_01832,NAAR,6,i055
train_01833,NAAR,6,i025
train_01834,NAAR,6,i021
train_01835,NAAR,6,i001
train_01838,NAAR,6,i062
train_01839,NAAR,6,i048
train_01840,NAAR,6,i044
train_01841,NAAR,6,i040
train_01842,NAAR,6,i060
train_01843,NAAR,6,i054
train_01844,NAAR,6,i024
train_01845,NAAR,6,i015
train_01846,NAAR,6,i001
train_01847,NAAR,6,i055
train_01848,NAAR,6,i046
train_01849,NAAR,6,i042
train_01850,NAAR,6,i042
train_01852,NAAR,6,i021
train_01853,NAAR,6,i001
train_01854,NAAR,6,i051
train_01855,NAAR,6,i056
train_01858,NAAR,6,i024
train_01860,NAAR,6,i060
train_01861,NAAR,6,i054
train_01862,NAAR,6,i054
train_01863,NAAR,6,i042
train_01864,NAAR,6,i058
train_01867,NAAR,6,i054
train_01868,NAAR,6,i001
train_01869,NAAR,6,i042
train_01871,NAAR,6,i042
train_01872,NAAR,6,i009
train_01873,NAAR,6,i042
train_01875,NAAR,6,i051
train_01876,NAAR,6,i011
train_01880,NAAR,6,i054
train_01881,NAAR,6,i013
train_01883,NAAR,6,i032
train_01884,NAAR,6,i001
train_01885,NAAR,6,i042
train_01886,NAAR,6,i003
train_01890,NAAR,6,i032
train_01891,NAAR,6,i060
train_01892,NAAR,6,i052
train_01893,NAAR,6,i052
train_01894,NAAR,6,i043
train_01895,NAAR,6,i001
train_01896,NAAR,6,i003
train_01899,NAAR,6,i015
train_01900,NAAR,6,i044
train_01901,NAAR,6,i042
train_01902,NAAR,6,i011
train_01904,NAAR,6,i017
train_01906,NAAR,6,i021
train_01907,NAAR,6,i003
train_01908,NAAR,6,i046
train_01909,NAAR,6,i062
train_01910,NAAR,6,i025
train_01911,NAAR,6,i054
train_01912,NAAR,6,i025
train_01913,NAAR,6,i038
train_01914,NAAR,6,i001
train_01915,NAAR,6,i047
train_01916,NAAR,6,i011
train_01917,NAAR,6,i054
train_01918,NAAR,6,i032
train_01920,NAAR,6,i025
train_01921,NAAR,6,i015
train_01922,NAAR,6,i039
train_01923,NAAR,6,i054
train_01924,NAAR,6,i024
train_01926,NAAR,6,i015
train_01927,NAAR,6,i066
train_01928,NAAR,6,i049
train_01929,NAAR,6,i009
train_01930,NAAR,6,i066
train_01931,NAAR,6,i001
train_01933,NAAR,6,i001
train_01934,NAAR,6,i003
train_01935,NAAR,6,i007
train_01936,NAAR,6,i052
train_01937,NAAR,6,i052
train_01938,NAAR,6,i051
train_01939,NAAR,6,i019
train_01940,NAAR,6,i062
train_01941,NAAR,6,i034
train_01942,NAAR,6,i049
train_01944,NAAR,6,i046
train_01945,NAAR,6,i044
train_01946,NAAR,6,i011
train_01947,NAAR,6,i041
train_01948,NAAR,6,i013
train_01949,NAAR,6,i021
train_01951,NAAR,6,i054
train_01952,NAAR,6,i024
train_01953,NAAR,6,i066
train_01954,NAAR,6,i055
train_01955,NAAR,6,i031
train_01957,NAAR,6,i042
train_01959,NAAR,6,i003
train_01960,NAAR,6,i001
train_01962,NAAR,6,i052
train_01964,NAAR,6,i005
train_01965,NAAR,6,i021
train_01966,NAAR,6,i020
train_01967,NAAR,6,i046
train_01968,NAAR,6,i018
train_01969,NAAR,6,i024
train_01970,NAAR,6,i015
train_01971,NAAR,6,i037
train_01972,NAAR,6,i044
train_01973,NAAR,6,i051
train_01974,NAAR,6,i045
train_01975,NAAR,6,i011
train_01976,NAAR,6,i038
train_01978,NAAR,6,i052
train_01979,NAAR,6,i001
train_01980,NAAR,6,i042
train_01981,NAAR,6,i058
train_01983,NAAR,6,i011
train_01984,NAAR,6,i024
train_01986,NAAR,6,i062
train_01987,NAAR,6,i024
train_01988,NAAR,6,i040
train_01989,NAAR,6,i011
train_01990,NAAR,6,i040
train_01991,NAAR,6,i025
train_01993,NAAR,6,i038
train_01994,NAAR,6,i042
train_01995,NAAR,6,i062
train_01996,NAAR,6,i034
train_01997,NAAR,6,i042
train_01998,NAAR,6,i001
train_02000,NAAR,6,i001
train_02001,NAAR,6,i011
train_02002,NAAR,6,i041
train_02004,NAAR,6,i048
train_02006,NAAR,6,i019
train_02007,NAAR,6,i013
train_02008,NAAR,6,i056
train_02010,NAAR,6,i030
train_02011,NAAR,6,i055
train_02013,ZELFDE,3,i026
train_02014,ZELFDE,3,i001
train_02015,ZELFDE,3,i024
train_02016,ZELFDE,3,i040
train_02017,ZELFDE,3,i056
train_02018,ZELFDE,3,i025
train_02019,ZELFDE,3,i001
train_02020,ZELFDE,3,i001
train_02021,ZELFDE,3,i031
train_02022,ZELFDE,3,i031
train_02023,ZELFDE,3,i019
train_02024,ZELFDE,3,i018
train_02025,ZELFDE,3,i001
train_02026,ZELFDE,3,i015
train_02027,ZELFDE,3,i001
train_02028,ZELFDE,3,i023
train_02029,ZELFDE,3,i009
train_02030,ZELFDE,3,i023
train_02031,ZELFDE,3,i031
train_02032,ZELFDE,3,i011
train_02033,ZELFDE,3,i018
train_02034,ZELFDE,3,i019
train_02035,ZELFDE,3,i043
train_02036,ZELFDE,3,i047
train_02037,ZELFDE,3,i023
train_02038,ZELFDE,3,i046
train_02039,ZELFDE,3,i001
train_02040,ZELFDE,3,i013
train_02041,ZELFDE,3,i001
train_02042,ZELFDE,3,i038
train_02043,ZELFDE,3,i026
train_02044,ZELFDE,3,i023
train_02045,ZELFDE,3,i023
train_02046,ZELFDE,3,i023
train_02047,ZELFDE,3,i046
train_02048,ZELFDE,3,i031
train_02049,ZELFDE,3,i007
train_02050,ZELFDE,3,i011
train_02051,ZELFDE,3,i049
train_02052,ZELFDE,3,i011
train_02053,ZELFDE,3,i031
train_02055,ZELFDE,3,i001
train_02056,ZELFDE,3,i001
train_02057,ZELFDE,3,i022
train_02058,ZELFDE,3,i042
train_02061,ZELFDE,3,i046
train_02063,ZELFDE,3,i060
train_02064,ZELFDE,3,i026
train_02065,ZELFDE,3,i005
train_02066,ZELFDE,3,i024
train_02067,ZELFDE,3,i024
train_02068,ZELFDE,3,i051
train_02070,ZELFDE,3,i046
train_02071,ZELFDE,3,i001
train_02074,ZELFDE,3,i007
train_02075,ZELFDE,3,i051
train_02076,ZELFDE,3,i023
train_02077,ZELFDE,3,i034
train_02078,ZELFDE,3,i011
train_02079,ZELFDE,3,i009
train_02080,ZELFDE,3,i015
train_02081,ZELFDE,3,i023
train_02082,ZELFDE,3,i046
train_02083,ZELFDE,3,i054
train_02084,ZELFDE,3,i003
train_02085,ZELFDE,3,i023
train_02087,ZELFDE,3,i013
train_02088,ZELFDE,3,i053
train_02089,ZELFDE,3,i021
train_02090,ZELFDE,3,i024
train_02091,ZELFDE,3,i001
train_02092,ZELFDE,3,i025
train_02093,ZELFDE,3,i023
train_02094,ZELFDE,3,i050
train_02095,ZELFDE,3,i046
train_02096,ZELFDE,3,i026
train_02097,ZELFDE,3,i038
train_02098,ZELFDE,3,i023
train_02099,ZELFDE,3,i001
train_02100,ZELFDE,3,i054
train_02101,ZELFDE,3,i001
train_02102,ZELFDE,3,i001
train_02103,ZELFDE,3,i011
train_02105,ZELFDE,3,i056
train_02106,ZELFDE,3,i001
train_02107,ZELFDE,3,i001
train_02108,ZELFDE,3,i001
train_02109,ZELFDE,3,i005
train_02110,ZELFDE,3,i019
train_02111,ZELFDE,3,i011
train_02113,ZELFDE,3,i019
train_02114,ZELFDE,3,i049
train_02115,ZELFDE,3,i021
train_02116,ZELFDE,3,i040
train_02117,ZELFDE,3,i050
train_02118,ZELFDE,3,i049
train_02119,ZELFDE,3,i018
train_02120,ZELFDE,3,i046
train_02121,ZELFDE,3,i031
train_02122,ZELFDE,3,i001
train_02123,ZELFDE,3,i001
train_02124,ZELFDE,3,i026
train_02125,ZELFDE,3,i013
train_02126,ZELFDE,3,i050
train_02127,ZELFDE,3,i030
train_02128,ZELFDE,3,i024
train_02129,ZELFDE,3,i026
train_02130,ZELFDE,3,i034
train_02132,ZELFDE,3,i054
train_02133,ZELFDE,3,i025
train_02134,ZELFDE,3,i018
train_02135,ZELFDE,3,i001
train_02136,ZELFDE,3,i024
train_02137,ZELFDE,3,i023
train_02138,ZELFDE,3,i023
train_02139,ZELFDE,3,i009
train_02140,ZELFDE,3,i026
train_02141,ZELFDE,3,i001
train_02142,ZELFDE,3,i001
train_02143,ZELFDE,3,i015
train_02144,ZELFDE,3,i011
train_02145,ZELFDE,3,i040
train_02146,ZELFDE,3,i001
train_02147,ZELFDE,3,i025
train_02149,ZELFDE,3,i027
train_02150,ZELFDE,3,i046
train_02151,ZELFDE,3,i025
train_02152,ZELFDE,3,i001
train_02153,ZELFDE,3,i031
train_02154,ZELFDE,3,i026
train_02155,ZELFDE,3,i021
train_02156,ZELFDE,3,i034
train_02157,ZELFDE,3,i046
train_02158,ZELFDE,3,i023
train_02159,ZELFDE,3,i001
train_02160,ZELFDE,3,i046
train_02161,ZELFDE,3,i024
train_02162,ZELFDE,3,i013
train_02163,ZELFDE,3,i031
train_02164,ZELFDE,3,i054
train_02165,ZELFDE,3,i046
train_02166,ZELFDE,3,i001
train_02167,ZELFDE,3,i031
train_02169,ZELFDE,3,i023
train_02170,ZELFDE,3,i026
train_02172,ZELFDE,3,i042
train_02173,ZELFDE,3,i005
train_02174,ZELFDE,3,i049
train_02175,ZELFDE,3,i019
train_02176,ZELFDE,3,i034
train_02178,ZELFDE,3,i011
train_02179,ZELFDE,3,i026
train_02180,ZELFDE,3,i001
train_02181,ZELFDE,3,i039
train_02183,ZELFDE,3,i023
train_02184,ZELFDE,3,i021
train_02185,ZELFDE,3,i025
train_02186,ZELFDE,3,i050
train_02187,ZELFDE,3,i067
train_02188,ZELFDE,3,i023
train_02189,ZELFDE,3,i026
train_02190,ZELFDE,3,i011
train_02192,ZELFDE,3,i005
train_02193,ZELFDE,3,i025
train_02194,ZELFDE,3,i013
train_02195,ZELFDE,3,i017
train_02197,ZELFDE,3,i013
train_02198,ZELFDE,3,i030
train_02199,ZELFDE,3,i046
train_02201,ZELFDE,3,i037
train_02202,ZELFDE,3,i011
train_02203,ZELFDE,3,i001
train_02204,ZELFDE,3,i059
train_02205,ZELFDE,3,i018
train_02206,ZELFDE,3,i039
train_02207,ZELFDE,3,i026
train_02208,ZELFDE,3,i013
train_02209,ZELFDE,3,i043
train_02210,ZELFDE,3,i026
train_02211,ZELFDE,3,i019
train_02212,ZELFDE,3,i049
train_02213,ZELFDE,3,i055
train_02214,ZELFDE,3,i023
train_02215,ZELFDE,3,i062
train_02217,ZELFDE,3,i001
train_02218,ZELFDE,3,i013
train_02219,ZELFDE,3,i049
train_02220,ZELFDE,3,i023
train_02222,ZELFDE,3,i001
train_02224,ZELFDE,3,i001
train_02228,ZELFDE,3,i001
train_02229,ZELFDE,3,i005
train_02231,ZELFDE,3,i046
train_02232,ZELFDE,3,i023
train_02233,ZELFDE,3,i049
train_02234,ZELFDE,3,i005
train_02235,ZELFDE,3,i001
train_02236,ZELFDE,3,i013
train_02238,ZELFDE,3,i024
train_02240,ZELFDE,3,i022
train_02241,ZELFDE,3,i023
train_02242,ZELFDE,3,i034
train_02243,ZELFDE,3,i001
train_02244,ZELFDE,3,i026
train_02246,ZELFDE,3,i020
train_02247,ZELFDE,3,i020
train_02248,ZELFDE,3,i033
train_02250,ZELFDE,3,i062
train_02251,ZELFDE,3,i001
train_02252,ZELFDE,3,i023
train_02254,ZELFDE,3,i026
train_02255,ZELFDE,3,i031
train_02256,ZELFDE,3,i023
train_02258,ZELFDE,3,i023
train_02259,ZELFDE,3,i026
train_02260,ZELFDE,3,i034
train_02261,ZELFDE,3,i049
train_02263,ZELFDE,3,i023
train_02264,ZELFDE,3,i013
train_02265,ZELFDE,3,i043
train_02266,ZELFDE,3,i042
train_02267,ZELFDE,3,i023
train_02269,ZELFDE,3,i049
train_02270,ZELFDE,3,i055
train_02272,ZELFDE,3,i011
train_02273,ZELFDE,3,i031
train_02274,ZELFDE,3,i018
train_02275,ZELFDE,3,i023
train_02276,ZELFDE,3,i034
train_02277,ZELFDE,3,i001
train_02278,ZELFDE,3,i013
train_02279,ZELFDE,3,i019
train_02280,ZELFDE,3,i031
train_02281,ZELFDE,3,i054
train_02282,ZELFDE,3,i038
train_02284,ZELFDE,3,i046
train_02285,ZELFDE,3,i009
train_02286,ZELFDE,3,i050
train_02287,ZELFDE,3,i031
train_02288,ZELFDE,3,i039
train_02289,ZELFDE,3,i021
train_02290,ZELFDE,3,i007
train_02291,ZELFDE,3,i015
train_02292,ZELFDE,3,i001
train_02293,ZELFDE,3,i003
train_02294,ZELFDE,3,i043
train_02295,ZELFDE,3,i026
train_02296,ZELFDE,3,i052
train_02297,2,11,i024
train_02298,2,11,i011
train_02300,2,11,i003
train_02302,2,11,i011
train_02303,2,11,i055
train_02304,2,11,i056
train_02311,2,11,i022
train_02314,2,11,i038
train_02315,2,11,i038
train_02316,2,11,i001
train_02317,2,11,i054
train_02318,2,11,i020
train_02319,2,11,i064
train_02320,2,11,i064
train_02321,2,11,i062
train_02322,2,11,i038
train_02323,2,11,i019
train_02324,2,11,i021
train_02325,2,11,i032
train_02326,2,11,i019
train_02327,2,11,i003
train_02328,2,11,i003
train_02330,2,11,i033
train_02331,2,11,i007
train_02332,2,11,i005
train_02333,2,11,i001
train_02334,2,11,i032
train_02336,2,11,i064
train_02337,2,11,i026
train_02339,2,11,i001
train_02341,2,11,i052
train_02342,2,11,i049
train_02344,2,11,i013
train_02345,2,11,i005
train_02346,2,11,i005
train_02347,2,11,i052
train_02348,2,11,i001
train_02350,2,11,i052
train_02351,2,11,i022
train_02352,2,11,i013
train_02354,2,11,i060
train_02355,2,11,i058
train_02356,2,11,i064
train_02357,2,11,i024
train_02359,2,11,i019
train_02361,2,11,i013
train_02363,2,11,i066
train_02364,2,11,i049
train_02366,2,11,i026
train_02367,2,11,i003
train_02368,2,11,i001
train_02369,2,11,i011
train_02370,2,11,i024
train_02371,2,11,i052
train_02372,2,11,i001
train_02373,2,11,i005
train_02378,2,11,i060
train_02379,2,11,i026
train_02380,2,11,i062
train_02381,2,11,i001
train_02382,2,11,i017
train_02383,2,11,i054
train_02384,2,11,i052
train_02385,2,11,i017
train_02386,2,11,i054
train_02387,2,11,i021
train_02389,2,11,i056
train_02391,2,11,i013
train_02394,2,11,i038
train_02395,2,11,i064
train_02396,2,11,i019
train_02399,2,11,i005
train_02400,2,11,i066
train_02402,2,11,i024
train_02403,2,11,i056
train_02404,2,11,i018
train_02406,2,11,i001
train_02409,2,11,i001
train_02410,2,11,i013
train_02411,2,11,i032
train_02413,2,11,i001
train_02415,2,11,i011
train_02416,2,11,i046
train_02417,2,11,i024
train_02418,2,11,i019
train_02419,2,11,i009
train_02421,2,11,i001
train_02422,2,11,i015
train_02423,2,11,i013
train_02425,2,11,i022
train_02428,2,11,i007
train_02429,2,11,i039
train_02430,2,11,i018
train_02431,2,11,i064
train_02432,2,11,i001
train_02433,2,11,i032
train_02434,2,11,i048
train_02435,2,11,i044
train_02436,2,11,i013
train_02437,2,11,i058
train_02438,2,11,i003
train_02440,2,11,i003
train_02441,2,11,i011
train_02442,2,11,i060
train_02443,2,11,i060
train_02444,2,11,i013
train_02446,2,11,i011
train_02447,2,11,i054
train_02448,2,11,i019
train_02449,2,11,i058
train_02450,2,11,i040
train_02451,2,11,i058
train_02452,2,11,i022
train_02453,2,11,i001
train_02455,2,11,i001
train_02456,2,11,i058
train_02457,2,11,i017
train_02460,2,11,i017
train_02461,2,11,i052
train_02462,2,11,i013
train_02463,2,11,i013
train_02464,2,11,i058
train_02465,2,11,i035
train_02468,2,11,i039
train_02469,2,11,i003
train_02470,2,11,i060
train_02471,2,11,i064
train_02472,2,11,i024
train_02474,2,11,i052
train_02475,2,11,i020
train_02477,2,11,i001
train_02478,2,11,i042
train_02479,2,11,i052
train_02481,2,11,i054
train_02482,2,11,i026
train_02483,2,11,i001
train_02484,2,11,i046
train_02485,2,11,i064
train_02487,2,11,i062
train_02488,2,11,i042
train_02489,2,11,i005
train_02491,2,11,i042
train_02492,2,11,i064
train_02494,2,11,i001
train_02495,2,11,i064
train_02497,2,11,i013
train_02499,2,11,i019
train_02500,2,11,i052
train_02501,2,11,i060
train_02502,2,11,i003
train_02503,2,11,i032
train_02504,2,11,i022
train_02505,2,11,i040
train_02506,2,11,i019
train_02507,2,11,i005
train_02508,2,11,i052
train_02510,2,11,i042
train_02511,2,11,i049
train_02512,2,11,i020
train_02514,2,11,i056
train_02517,2,11,i001
train_02518,2,11,i021
train_02519,2,11,i001
train_02520,2,11,i026
train_02521,2,11,i032
train_02522,2,11,i066
train_02523,2,11,i054
train_02524,2,11,i003
train_02525,2,11,i046
train_02526,2,11,i022
train_02528,2,11,i056
train_02530,2,11,i022
train_02531,WAT,2,i021
train_02532,WAT,2,i026
train_02533,WAT,2,i005
train_02534,WAT,2,i001
train_02535,WAT,2,i044
train_02536,WAT,2,i011
train_02538,WAT,2,i049
train_02539,WAT,2,i040
train_02540,WAT,2,i038
train_02541,WAT,2,i031
train_02542,WAT,2,i056
train_02543,WAT,2,i013
train_02544,WAT,2,i019
train_02545,WAT,2,i005
train_02546,WAT,2,i019
train_02547,WAT,2,i059
train_02548,WAT,2,i013
train_02549,WAT,2,i013
train_02550,WAT,2,i019
train_02551,WAT,2,i011
train_02552,WAT,2,i013
train_02553,WAT,2,i031
train_02555,WAT,2,i049
train_02557,WAT,2,i003
train_02558,WAT,2,i001
train_02559,WAT,2,i051
train_02561,WAT,2,i029
train_02562,WAT,2,i024
train_02563,WAT,2,i062
train_02564,WAT,2,i013
train_02566,WAT,2,i001
train_02567,WAT,2,i011
train_02568,WAT,2,i019
train_02570,WAT,2,i051
train_02571,WAT,2,i023
train_02572,WAT,2,i001
train_02573,WAT,2,i019
train_02576,WAT,2,i053
train_02577,WAT,2,i022
train_02578,WAT,2,i013
train_02579,WAT,2,i051
train_02581,WAT,2,i021
train_02582,WAT,2,i013
train_02584,WAT,2,i049
train_02585,WAT,2,i013
train_02586,WAT,2,i005
train_02587,WAT,2,i005
train_02588,WAT,2,i003
train_02589,WAT,2,i011
train_02593,WAT,2,i005
train_02595,WAT,2,i009
train_02596,WAT,2,i049
train_02597,WAT,2,i013
train_02598,WAT,2,i039
train_02599,WAT,2,i046
train_02600,WAT,2,i020
train_02602,WAT,2,i051
train_02603,WAT,2,i026
train_02604,WAT,2,i022
train_02605,WAT,2,i011
train_02607,WAT,2,i051
train_02608,WAT,2,i005
train_02610,WAT,2,i020
train_02611,WAT,2,i009
train_02612,WAT,2,i059
train_02613,WAT,2,i051
train_02615,WAT,2,i013
train_02616,WAT,2,i038
train_02617,WAT,2,i013
train_02618,WAT,2,i054
train_02619,WAT,2,i023
train_02621,WAT,2,i056
train_02624,WAT,2,i049
train_02625,WAT,2,i033
train_02626,WAT,2,i022
train_02627,WAT,2,i049
train_02628,WAT,2,i046
train_02629,WAT,2,i051
train_02631,WAT,2,i054
train_02632,WAT,2,i005
train_02634,WAT,2,i011
train_02635,WAT,2,i029
train_02637,WAT,2,i054
train_02638,WAT,2,i056
train_02639,WAT,2,i031
train_02641,WAT,2,i021
train_02644,WAT,2,i013
train_02645,WAT,2,i013
train_02646,WAT,2,i001
train_02647,WAT,2,i022
train_02649,WAT,2,i019
train_02650,WAT,2,i051
train_02652,WAT,2,i025
train_02653,WAT,2,i003
train_02654,WAT,2,i043
train_02655,WAT,2,i001
train_02656,WAT,2,i056
train_02657,WAT,2,i053
train_02658,WAT,2,i013
train_02659,WAT,2,i021
train_02661,WAT,2,i046
train_02662,WAT,2,i013
train_02664,WAT,2,i015
train_02666,WAT,2,i051
train_02668,WAT,2,i031
train_02669,WAT,2,i043
train_02670,WAT,2,i051
train_02671,WAT,2,i001
train_02673,WAT,2,i005
train_02674,WAT,2,i023
train_02676,WAT,2,i048
train_02677,WAT,2,i015
train_02678,WAT,2,i024
train_02679,WAT,2,i042
train_02680,WAT,2,i003
train_02681,WAT,2,i023
train_02682,WAT,2,i001
train_02685,WAT,2,i042
train_02686,WAT,2,i026
train_02687,WAT,2,i011
train_02690,WAT,2,i031
train_02691,WAT,2,i049
train_02693,WAT,2,i049
train_02695,WAT,2,i019
train_02696,WAT,2,i056
train_02697,WAT,2,i054
train_02698,WAT,2,i025
train_02699,WAT,2,i013
train_02700,WAT,2,i019
train_02701,WAT,2,i062
train_02702,WAT,2,i001
train_02703,WAT,2,i003
train_02704,WAT,2,i067
train_02705,WAT,2,i025
train_02706,WAT,2,i044
train_02709,WAT,2,i015
train_02711,WAT,2,i063
train_02712,WAT,2,i013
train_02714,WAT,2,i025
train_02716,WAT,2,i015
train_02717,WAT,2,i001
train_02720,WAT,2,i013
train_02721,WAT,2,i001
train_02723,WAT,2,i005
train_02724,WAT,2,i049
train_02725,WAT,2,i015
train_02727,WAT,2,i015
train_02728,WAT,2,i049
train_02729,WAT,2,i019
train_02730,WAT,2,i033
train_02731,WAT,2,i005
train_02732,WAT,2,i051
train_02733,WAT,2,i019
train_02735,WAT,2,i062
train_02736,WAT,2,i056
train_02737,WAT,2,i031
train_02738,WAT,2,i042
train_02739,WAT,2,i009
train_02741,WAT,2,i051
train_02742,WAT,2,i001
train_02743,WAT,2,i015
train_02744,WAT,2,i017
train_02745,WAT,2,i049
train_02746,WAT,2,i049
train_02747,WAT,2,i013
train_02748,WAT,2,i032
train_02749,WAT,2,i059
train_02751,WAT,2,i023
train_02752,WAT,2,i038
train_02753,WAT,2,i015
train_02754,WAT,2,i005
train_02755,WAT,2,i019
train_02756,WAT,2,i013
train_02757,WAT,2,i042
train_02758,WAT,2,i005
train_02759,WAT,2,i040
train_02760,WAT,2,i021
train_02761,WAT,2,i001
train_02762,WAT,2,i001
train_02764,WAT,2,i046
train_02765,WAT,2,i034
train_02767,WAT,2,i051
train_02768,WAT,2,i032
train_02769,WAT,2,i042
train_02770,WAT,2,i013
train_02772,WAT,2,i049
train_02773,WAT,2,i005
train_02774,WAT,2,i001
train_02775,WAT,2,i001
train_02776,WAT,2,i001
train_02778,WAT,2,i062
train_02780,WAT,2,i011
train_02781,WAT,2,i013
train_02782,WAT,2,i003
train_02783,WAT,2,i046
train_02784,WAT,2,i011
train_02785,WAT,2,i043
train_02787,WAT,2,i023
train_02788,WAT,2,i013
train_02789,WAT,2,i051
train_02790,WAT,2,i001
train_02791,WAT,2,i001
train_02792,WAT,2,i051
train_02793,WAT,2,i013
train_02794,WAT,2,i020
train_02796,WAT,2,i025
train_02797,WAT,2,i046
train_02798,WAT,2,i048
train_02799,WAT,2,i017
train_02800,WAT,2,i031
train_02801,WAT,2,i023
train_02802,WAT,2,i048
train_02803,WAT,2,i015
train_02804,WAT,2,i022
train_02805,WAT,2,i013
train_02806,WAT,2,i013
train_02807,WAT,2,i059
train_02808,WAT,2,i001
train_02809,WAT,2,i049
train_02812,WAT,2,i029
train_02813,WAT,2,i011
train_02814,WAT,2,i005
train_02815,WAT,2,i040
train_02816,WAT,2,i019
train_02817,WAT,2,i013
train_02818,WAT,2,i058
train_02819,WAT,2,i011
train_02820,WAT,2,i049
train_02821,WAT,2,i023
train_02822,WAT,2,i001
train_02824,WAT,2,i011
train_02825,WAT,2,i058
train_02826,WAT,2,i003
train_02827,WAT,2,i021
train_02828,WAT,2,i052
train_02830,WAT,2,i051
train_02832,WAT,2,i015
train_02833,WAT,2,i051
train_02834,WAT,2,i049
train_02836,WAT,2,i013
train_02838,GOED,10,i015
train_02840,GOED,10,i042
train_02842,GOED,10,i013
train_02843,GOED,10,i019
train_02844,GOED,10,i023
train_02845,GOED,10,i011
train_02846,GOED,10,i013
train_02847,GOED,10,i001
train_02848,GOED,10,i065
train_02849,GOED,10,i011
train_02850,GOED,10,i001
train_02851,GOED,10,i049
train_02852,GOED,10,i001
train_02854,GOED,10,i001
train_02856,GOED,10,i049
train_02857,GOED,10,i011
train_02858,GOED,10,i003
train_02859,GOED,10,i049
train_02860,GOED,10,i050
train_02861,GOED,10,i020
train_02862,GOED,10,i017
train_02863,GOED,10,i017
train_02864,GOED,10,i020
train_02865,GOED,10,i011
train_02866,GOED,10,i024
train_02867,GOED,10,i023
train_02869,GOED,10,i051
train_02870,GOED,10,i047
train_02872,GOED,10,i040
train_02874,GOED,10,i017
train_02876,GOED,10,i017
train_02877,GOED,10,i049
train_02878,GOED,10,i017
train_02879,GOED,10,i013
train_02880,GOED,10,i052
train_02881,GOED,10,i013
train_02883,GOED,10,i042
train_02885,GOED,10,i051
train_02886,GOED,10,i011
train_02887,GOED,10,i017
train_02888,GOED,10,i019
train_02889,GOED,10,i048
train_02891,GOED,10,i013
train_02892,GOED,10,i017
train_02893,GOED,10,i049
train_02894,GOED,10,i013
train_02895,GOED,10,i042
train_02897,GOED,10,i042
train_02898,GOED,10,i042
train_02899,GOED,10,i013
train_02900,GOED,10,i001
train_02901,GOED,10,i011
train_02903,GOED,10,i020
train_02904,GOED,10,i065
train_02905,GOED,10,i001
train_02908,GOED,10,i001
train_02909,GOED,10,i015
train_02911,GOED,10,i019
train_02914,GOED,10,i019
train_02920,GOED,10,i019
train_02921,GOED,10,i051
train_02922,GOED,10,i019
train_02923,GOED,10,i049
train_02924,GOED,10,i049
train_02925,GOED,10,i042
train_02927,GOED,10,i017
train_02928,GOED,10,i048
train_02929,GOED,10,i001
train_02930,GOED,10,i009
train_02931,GOED,10,i011
train_02932,GOED,10,i021
train_02934,GOED,10,i020
train_02935,GOED,10,i013
train_02938,GOED,10,i003
train_02939,GOED,10,i052
train_02940,GOED,10,i049
train_02941,GOED,10,i013
train_02942,GOED,10,i001
train_02943,GOED,10,i011
train_02945,GOED,10,i001
train_02946,GOED,10,i013
train_02947,GOED,10,i042
train_02948,GOED,10,i040
train_02950,GOED,10,i049
train_02951,GOED,10,i029
train_02952,GOED,10,i013
train_02954,GOED,10,i020
train_02955,GOED,10,i021
train_02956,GOED,10,i013
train_02957,GOED,10,i060
train_02958,GOED,10,i042
train_02959,GOED,10,i019
train_02960,GOED,10,i019
train_02961,GOED,10,i047
train_02962,GOED,10,i020
train_02963,GOED,10,i024
train_02964,GOED,10,i052
train_02966,GOED,10,i042
train_02968,GOED,10,i053
train_02969,GOED,10,i013
train_02970,GOED,10,i040
train_02971,GOED,10,i047
train_02972,GOED,10,i049
train_02973,GOED,10,i020
train_02974,GOED,10,i011
train_02976,GOED,10,i049
train_02978,GOED,10,i001
train_02979,GOED,10,i053
train_02981,GOED,10,i001
train_02982,GOED,10,i042
train_02983,GOED,10,i050
train_02984,GOED,10,i021
train_02985,GOED,10,i019
train_02986,GOED,10,i017
train_02987,GOED,10,i001
train_02988,GOED,10,i013
train_02990,GOED,10,i011
train_02991,GOED,10,i015
train_02992,GOED,10,i062
train_02993,GOED,10,i050
train_02996,GOED,10,i017
train_02997,GOED,10,i044
train_02998,GOED,10,i009
train_02999,GOED,10,i001
train_03000,GOED,10,i009
train_03001,GOED,10,i013
train_03002,GOED,10,i020
train_03003,GOED,10,i013
train_03006,GOED,10,i011
train_03007,GOED,10,i053
train_03008,GOED,10,i042
train_03009,GOED,10,i038
train_03010,GOED,10,i001
train_03011,GOED,10,i048
train_03012,GOED,10,i013
train_03014,GOED,10,i019
train_03015,GOED,10,i001
train_03016,GOED,10,i055
train_03017,GOED,10,i020
train_03018,GOED,10,i052
train_03019,GOED,10,i020
train_03020,GOED,10,i049
train_03021,GOED,10,i038
train_03022,GOED,10,i051
train_03024,GOED,10,i011
train_03026,GOED,10,i013
train_03027,GOED,10,i049
train_03028,GOED,10,i052
train_03029,GOED,10,i017
train_03031,GOED,10,i007
train_03032,GOED,10,i011
train_03033,GOED,10,i011
train_03034,GOED,10,i001
train_03035,GOED,10,i020
train_03036,GOED,10,i040
train_03039,GOED,10,i037
train_03042,GOED,10,i042
train_03043,GOED,10,i001
train_03044,GOED,10,i020
train_03045,GOED,10,i032
train_03047,GOED,10,i019
train_03052,GOED,10,i023
train_03053,GOED,10,i001
train_03054,GOED,10,i021
train_03055,GOED,10,i013
train_03056,GOED,10,i029
train_03057,GOED,10,i052
train_03059,GOED,10,i013
train_03060,GOED,10,i019
train_03061,GOED,10,i066
train_03062,GOED,10,i062
train_03064,GOED,10,i019
train_03065,GOED,10,i023
train_03066,GOED,10,i049
train_03067,GOED,10,i049
train_03068,GOED,10,i020
train_03069,GOED,10,i020
train_03070,GOED,10,i026
train_03073,GOED,10,i001
train_03074,GOED,10,i051
train_03076,GOED,10,i017
train_03077,GOED,10,i013
train_03079,ZEGGEN,9,i059
train_03080,ZEGGEN,9,i019
train_03083,ZEGGEN,9,i001
train_03084,ZEGGEN,9,i023
train_03085,ZEGGEN,9,i005
train_03086,ZEGGEN,9,i021
train_03087,ZEGGEN,9,i011
train_03088,ZEGGEN,9,i042
train_03089,ZEGGEN,9,i001
train_03090,ZEGGEN,9,i023
train_03092,ZEGGEN,9,i019
train_03093,ZEGGEN,9,i023
train_03094,ZEGGEN,9,i001
train_03095,ZEGGEN,9,i011
train_03096,ZEGGEN,9,i003
train_03098,ZEGGEN,9,i011
train_03100,ZEGGEN,9,i003
train_03102,ZEGGEN,9,i011
train_03103,ZEGGEN,9,i063
train_03104,ZEGGEN,9,i013
train_03105,ZEGGEN,9,i001
train_03106,ZEGGEN,9,i023
train_03107,ZEGGEN,9,i043
train_03108,ZEGGEN,9,i022
train_03111,ZEGGEN,9,i017
train_03113,ZEGGEN,9,i011
train_03114,ZEGGEN,9,i001
train_03115,ZEGGEN,9,i019
train_03116,ZEGGEN,9,i022
train_03117,ZEGGEN,9,i022
train_03118,ZEGGEN,9,i048
train_03119,ZEGGEN,9,i001
train_03121,ZEGGEN,9,i013
train_03122,ZEGGEN,9,i057
train_03124,ZEGGEN,9,i001
train_03129,ZEGGEN,9,i011
train_03131,ZEGGEN,9,i009
train_03132,ZEGGEN,9,i017
train_03133,ZEGGEN,9,i021
train_03134,ZEGGEN,9,i013
train_03135,ZEGGEN,9,i017
train_03136,ZEGGEN,9,i011
train_03137,ZEGGEN,9,i023
train_03138,ZEGGEN,9,i022
train_03139,ZEGGEN,9,i001
train_03140,ZEGGEN,9,i023
train_03141,ZEGGEN,9,i022
train_03142,ZEGGEN,9,i021
train_03143,ZEGGEN,9,i011
train_03145,ZEGGEN,9,i017
train_03146,ZEGGEN,9,i013
train_03148,ZEGGEN,9,i065
train_03149,ZEGGEN,9,i017
train_03150,ZEGGEN,9,i001
train_03151,ZEGGEN,9,i013
train_03152,ZEGGEN,9,i011
train_03153,ZEGGEN,9,i057
train_03155,ZEGGEN,9,i058
train_03156,ZEGGEN,9,i011
train_03158,ZEGGEN,9,i011
train_03160,ZEGGEN,9,i042
train_03162,ZEGGEN,9,i064
train_03163,ZEGGEN,9,i005
train_03165,ZEGGEN,9,i017
train_03166,ZEGGEN,9,i011
train_03167,ZEGGEN,9,i048
train_03168,ZEGGEN,9,i001
train_03169,ZEGGEN,9,i001
train_03170,ZEGGEN,9,i021
train_03171,ZEGGEN,9,i017
train_03173,ZEGGEN,9,i001
train_03175,ZEGGEN,9,i048
train_03176,ZEGGEN,9,i013
train_03178,ZEGGEN,9,i017
train_03179,ZEGGEN,9,i024
train_03180,ZEGGEN,9,i001
train_03182,ZEGGEN,9,i021
train_03184,ZEGGEN,9,i011
train_03185,ZEGGEN,9,i022
train_03187,ZEGGEN,9,i023
train_03188,ZEGGEN,9,i049
train_03189,ZEGGEN,9,i013
train_03190,ZEGGEN,9,i013
train_03191,ZEGGEN,9,i013
train_03192,ZEGGEN,9,i020
train_03193,ZEGGEN,9,i065
train_03194,ZEGGEN,9,i011
train_03195,ZEGGEN,9,i067
train_03197,ZEGGEN,9,i023
train_03198,ZEGGEN,9,i022
train_03199,ZEGGEN,9,i023
train_03200,ZEGGEN,9,i048
train_03201,ZEGGEN,9,i017
train_03202,ZEGGEN,9,i019
train_03204,ZEGGEN,9,i023
train_03205,ZEGGEN,9,i001
train_03206,ZEGGEN,9,i019
train_03207,ZEGGEN,9,i001
train_03208,ZEGGEN,9,i017
train_03209,ZEGGEN,9,i020
train_03210,ZEGGEN,9,i011
train_03211,ZEGGEN,9,i011
train_03212,ZEGGEN,9,i023
train_03213,ZEGGEN,9,i001
train_03214,ZEGGEN,9,i023
train_03215,ZEGGEN,9,i005
train_03216,ZEGGEN,9,i005
train_03220,ZEGGEN,9,i024
train_03221,ZEGGEN,9,i017
train_03224,ZEGGEN,9,i019
train_03225,ZEGGEN,9,i001
train_03226,ZEGGEN,9,i003
train_03227,ZEGGEN,9,i019
train_03231,ZEGGEN,9,i001
train_03232,ZEGGEN,9,i017
train_03233,ZEGGEN,9,i023
train_03236,ZEGGEN,9,i023
train_03237,ZEGGEN,9,i019
train_03238,ZEGGEN,9,i017
train_03240,ZEGGEN,9,i019
train_03241,ZEGGEN,9,i011
train_03242,ZEGGEN,9,i022
train_03243,ZEGGEN,9,i017
train_03244,ZEGGEN,9,i019
train_03245,ZEGGEN,9,i001
train_03246,ZEGGEN,9,i023
train_03247,ZEGGEN,9,i013
train_03249,ZEGGEN,9,i024
train_03250,ZEGGEN,9,i005
train_03251,ZEGGEN,9,i023
train_03252,ZEGGEN,9,i021
train_03254,ZEGGEN,9,i003
train_03255,ZEGGEN,9,i023
train_03257,ZEGGEN,9,i015
train_03260,ZEGGEN,9,i011
train_03261,ZEGGEN,9,i009
train_03262,ZEGGEN,9,i005
train_03263,ZEGGEN,9,i020
train_03264,ZEGGEN,9,i023
train_03265,ZEGGEN,9,i018
train_03267,ZEGGEN,9,i037
train_03268,ZEGGEN,9,i017
train_03269,ZEGGEN,9,i024
train_03272,ZEGGEN,9,i013
train_03273,ZEGGEN,9,i019
train_03274,ZEGGEN,9,i060
train_03275,ZEGGEN,9,i013
train_03276,ZEGGEN,9,i065
train_03278,ZEGGEN,9,i009
train_03279,ZEGGEN,9,i009
train_03281,ZEGGEN,9,i023
train_03282,ZEGGEN,9,i017
train_03283,ZEGGEN,9,i017
train_03284,ZEGGEN,9,i011
train_03285,ZEGGEN,9,i011
train_03286,ZEGGEN,9,i041
train_03287,ZEGGEN,9,i001
train_03289,ZEGGEN,9,i024
train_03290,ZEGGEN,9,i020
train_03291,ZEGGEN,9,i059
train_03293,ZEGGEN,9,i005
train_03294,ZEGGEN,9,i011
train_03295,ZEGGEN,9,i019
train_03298,ZEGGEN,9,i011
train_03299,ZEGGEN,9,i023
train_03300,ZEGGEN,9,i017
train_03302,ZEGGEN,9,i013
train_03304,ZEGGEN,9,i045
train_03305,ZEGGEN,9,i022
train_03306,ZEGGEN,9,i001
train_03307,ZEGGEN,9,i058
train_03308,ZEGGEN,9,i001
train_03309,ZEGGEN,9,i011
train_03310,ZEGGEN,9,i011
train_03311,ZEGGEN,9,i019
train_03312,ZEGGEN,9,i054
train_03313,ZEGGEN,9,i011
train_03314,ZEGGEN,9,i046
train_03316,OOK,8,i005
train_03317,OOK,8,i005
train_03318,OOK,8,i020
train_03320,OOK,8,i047
train_03322,OOK,8,i011
train_03324,OOK,8,i011
train_03327,OOK,8,i020
train_03328,OOK,8,i011
train_03330,OOK,8,i050
train_03332,OOK,8,i001
train_03335,OOK,8,i019
train_03336,OOK,8,i025
train_03337,OOK,8,i062
train_03338,OOK,8,i011
train_03339,OOK,8,i018
train_03340,OOK,8,i038
train_03341,OOK,8,i015
train_03342,OOK,8,i003
train_03343,OOK,8,i013
train_03344,OOK,8,i011
train_03348,OOK,8,i009
train_03350,OOK,8,i003
train_03351,OOK,8,i013
train_03353,OOK,8,i031
train_03354,OOK,8,i051
train_03355,OOK,8,i026
train_03356,OOK,8,i036
train_03357,OOK,8,i050
train_03359,OOK,8,i046
train_03361,OOK,8,i040
train_03363,OOK,8,i005
train_03365,OOK,8,i019
train_03367,OOK,8,i013
train_03368,OOK,8,i015
train_03369,OOK,8,i023
train_03370,OOK,8,i053
train_03371,OOK,8,i013
train_03372,OOK,8,i019
train_03373,OOK,8,i013
train_03374,OOK,8,i013
train_03376,OOK,8,i056
train_03377,OOK,8,i031
train_03378,OOK,8,i025
train_03380,OOK,8,i051
train_03381,OOK,8,i013
train_03383,OOK,8,i013
train_03385,OOK,8,i003
train_03387,OOK,8,i033
train_03390,OOK,8,i043
train_03391,OOK,8,i020
train_03392,OOK,8,i013
train_03394,OOK,8,i005
train_03395,OOK,8,i013
train_03396,OOK,8,i001
train_03397,OOK,8,i026
train_03399,OOK,8,i011
train_03400,OOK,8,i007
train_03401,OOK,8,i015
train_03403,OOK,8,i007
train_03404,OOK,8,i003
train_03407,OOK,8,i003
train_03408,OOK,8,i024
train_03410,OOK,8,i013
train_03411,OOK,8,i044
train_03413,OOK,8,i009
train_03415,OOK,8,i021
train_03416,OOK,8,i025
train_03417,OOK,8,i011
train_03419,OOK,8,i011
train_03420,OOK,8,i013
train_03421,OOK,8,i019
train_03422,OOK,8,i019
train_03423,OOK,8,i005
train_03424,OOK,8,i062
train_03425,OOK,8,i003
train_03426,OOK,8,i049
train_03427,OOK,8,i005
train_03428,OOK,8,i050
train_03430,OOK,8,i013
train_03431,OOK,8,i013
train_03432,OOK,8,i001
train_03434,OOK,8,i026
train_03436,OOK,8,i050
train_03437,OOK,8,i062
train_03438,OOK,8,i005
train_03439,OOK,8,i043
train_03440,OOK,8,i003
train_03441,OOK,8,i001
train_03442,OOK,8,i005
train_03443,OOK,8,i019
train_03445,OOK,8,i051
train_03446,OOK,8,i055
train_03447,OOK,8,i007
train_03448,OOK,8,i046
train_03450,OOK,8,i050
train_03451,OOK,8,i007
train_03452,OOK,8,i013
train_03453,OOK,8,i011
train_03454,OOK,8,i011
train_03456,OOK,8,i055
train_03457,OOK,8,i051
train_03458,OOK,8,i029
train_03462,OOK,8,i011
train_03463,OOK,8,i019
train_03464,OOK,8,i033
train_03465,OOK,8,i011
train_03466,OOK,8,i019
train_03467,OOK,8,i013
train_03469,OOK,8,i033
train_03470,OOK,8,i011
train_03471,OOK,8,i043
train_03472,OOK,8,i005
train_03474,OOK,8,i013
train_03475,OOK,8,i051
train_03476,OOK,8,i031
train_03477,OOK,8,i042
train_03478,OOK,8,i011
train_03479,OOK,8,i031
train_03480,OOK,8,i049
train_03481,OOK,8,i043
train_03482,OOK,8,i003
train_03483,OOK,8,i034
train_03484,OOK,8,i019
train_03485,OOK,8,i020
train_03486,OOK,8,i054
train_03488,OOK,8,i013
train_03489,OOK,8,i026
train_03490,OOK,8,i001
train_03491,OOK,8,i011
train_03495,OOK,8,i018
train_03496,OOK,8,i005
train_03497,OOK,8,i019
train_03498,OOK,8,i021
train_03499,OOK,8,i011
train_03500,OOK,8,i026
train_03501,OOK,8,i017
train_03502,OOK,8,i040
train_03503,OOK,8,i001
train_03505,OOK,8,i013
train_03506,OOK,8,i019
train_03507,OOK,8,i024
train_03509,OOK,8,i036
train_03511,OOK,8,i018
train_03514,OOK,8,i049
train_03515,OOK,8,i020
train_03516,OOK,8,i013
train_03521,OOK,8,i011
train_03523,OOK,8,i019
train_03524,OOK,8,i053
train_03525,OOK,8,i051
train_03526,OOK,8,i024
train_03528,OOK,8,i035
train_03529,OOK,8,i011
train_03530,OOK,8,i011
train_03531,OOK,8,i005
train_03533,OOK,8,i005
train_03534,OOK,8,i011
train_03535,OOK,8,i013
train_03537,OOK,8,i011
train_03539,OOK,8,i013
train_03540,OOK,8,i025
train_03541,OOK,8,i011
train_03542,OOK,8,i023
train_03543,OOK,8,i051
train_03544,OOK,8,i031
train_03545,OOK,8,i038
train_03546,OOK,8,i049
train_03547,OOK,8,i005
train_03548,OOK,8,i019
train_03552,OOK,8,i005
train_03553,OOK,8,i050
train_03554,OOK,8,i049
train_03555,OOK,8,i062
train_03556,OOK,8,i049
train_03557,OOK,8,i049
train_03558,OOK,8,i001
train_03559,OOK,8,i003
train_03560,OOK,8,i009
train_03561,OOK,8,i007
train_03562,OOK,8,i013
train_03563,OOK,8,i048
train_03565,OOK,8,i007
train_03566,OOK,8,i049
train_03567,OOK,8,i033
train_03568,OOK,8,i015
train_03569,OOK,8,i024
train_03570,OOK,8,i049
train_03571,OOK,8,i049
train_03572,OOK,8,i013
train_03573,OOK,8,i024
train_03575,OOK,8,i062
train_03576,OOK,8,i015
train_03577,OOK,8,i019
train_03578,AF,0,i021
train_03579,AF,0,i051
train_03580,AF,0,i001
train_03582,AF,0,i011
train_03583,AF,0,i030
train_03584,AF,0,i025
train_03586,AF,0,i009
train_03587,AF,0,i005
train_03588,AF,0,i045
train_03589,AF,0,i017
train_03592,AF,0,i046
train_03593,AF,0,i042
train_03594,AF,0,i042
train_03595,AF,0,i024
train_03597,AF,0,i027
train_03598,AF,0,i001
train_03599,AF,0,i042
train_03601,AF,0,i032
train_03602,AF,0,i001
train_03603,AF,0,i021
train_03605,AF,0,i005
train_03607,AF,0,i034
train_03608,AF,0,i026
train_03610,AF,0,i011
train_03611,AF,0,i005
train_03612,AF,0,i026
train_03613,AF,0,i038
train_03615,AF,0,i042
train_03616,AF,0,i031
train_03617,AF,0,i001
train_03618,AF,0,i001
train_03620,AF,0,i011
train_03621,AF,0,i051
train_03622,AF,0,i032
train_03623,AF,0,i005
train_03624,AF,0,i059
train_03627,AF,0,i013
train_03628,AF,0,i001
train_03629,AF,0,i021
train_03630,AF,0,i043
train_03631,AF,0,i007
train_03632,AF,0,i001
train_03633,AF,0,i020
train_03634,AF,0,i001
train_03636,AF,0,i013
train_03637,AF,0,i011
train_03639,AF,0,i011
train_03640,AF,0,i001
train_03643,AF,0,i024
train_03644,AF,0,i030
train_03645,AF,0,i017
train_03646,AF,0,i021
train_03647,AF,0,i013
train_03648,AF,0,i005
train_03649,AF,0,i005
train_03652,AF,0,i059
train_03653,AF,0,i001
train_03654,AF,0,i042
train_03655,AF,0,i001
train_03658,AF,0,i064
train_03659,AF,0,i031
train_03660,AF,0,i005
train_03661,AF,0,i032
train_03662,AF,0,i041
train_03663,AF,0,i038
train_03665,AF,0,i005
train_03666,AF,0,i001
train_03667,AF,0,i020
train_03668,AF,0,i017
train_03671,AF,0,i033
train_03675,AF,0,i015
train_03676,AF,0,i026
train_03678,AF,0,i003
train_03680,AF,0,i023
train_03681,AF,0,i001
train_03682,AF,0,i053
train_03683,AF,0,i026
train_03684,AF,0,i032
train_03686,AF,0,i001
train_03687,AF,0,i047
train_03688,AF,0,i060
train_03690,AF,0,i020
train_03691,AF,0,i015
train_03692,AF,0,i013
train_03693,AF,0,i052
train_03694,AF,0,i013
train_03695,AF,0,i042
train_03696,AF,0,i032
train_03697,AF,0,i013
train_03698,AF,0,i049
train_03700,AF,0,i024
train_03701,AF,0,i019
train_03702,AF,0,i005
train_03704,AF,0,i049
train_03705,AF,0,i019
train_03708,AF,0,i011
train_03709,AF,0,i011
train_03710,AF,0,i001
train_03711,AF,0,i032
train_03712,AF,0,i013
train_03713,AF,0,i001
train_03714,AF,0,i001
train_03715,AF,0,i017
train_03717,AF,0,i013
train_03718,AF,0,i013
train_03720,AF,0,i038
train_03721,AF,0,i013
train_03723,AF,0,i021
train_03724,AF,0,i052
train_03725,AF,0,i020
train_03727,AF,0,i005
train_03729,AF,0,i055
train_03730,AF,0,i013
train_03731,AF,0,i032
train_03732,AF,0,i005
train_03733,AF,0,i027
train_03734,AF,0,i046
train_03736,AF,0,i042
train_03737,AF,0,i013
train_03738,AF,0,i056
train_03741,AF,0,i001
train_03743,AF,0,i051
train_03747,AF,0,i023
train_03748,AF,0,i001
train_03749,AF,0,i001
train_03750,AF,0,i045
train_03753,AF,0,i001
train_03754,AF,0,i046
train_03755,AF,0,i057
train_03757,AF,0,i031
train_03758,AF,0,i053
train_03759,AF,0,i007
train_03760,AF,0,i035
train_03761,AF,0,i005
train_03762,AF,0,i021
train_03763,AF,0,i031
train_03764,AF,0,i050
train_03765,AF,0,i032
train_03766,AF,0,i063
train_03767,AF,0,i023
train_03769,AF,0,i049
train_03770,AF,0,i063
train_03772,AF,0,i027
train_03773,AF,0,i020
train_03774,AF,0,i021
train_03776,AF,0,i039
train_03777,AF,0,i021
train_03778,AF,0,i001
train_03781,AF,0,i001
train_03784,AF,0,i024
train_03785,AF,0,i020
train_03786,AF,0,i005
train_03787,AF,0,i003
train_03788,AF,0,i019
train_03789,AF,0,i015
train_03790,AF,0,i003
train_03792,AF,0,i049
train_03793,AF,0,i026
train_03795,AF,0,i001
train_03796,AF,0,i005
train_03798,AF,0,i013
train_03799,AF,0,i049
train_03800,AF,0,i053
train_03801,AF,0,i001
train_03802,AF,0,i021
train_03804,AF,0,i042
train_03805,AF,0,i067
train_03807,AF,0,i036
train_03808,AF,0,i046
train_03810,AF,0,i023
train_03811,AF,0,i005
train_03812,AF,0,i021
train_03813,AF,0,i057
train_03815,AF,0,i049
train_03816,AF,0,i011
train_03817,AF,0,i011
train_03818,AF,0,i057
train_03819,AF,0,i049
train_03820,AF,0,i005
train_03821,AF,0,i024
train_03822,AF,0,i039
train_03823,AF,0,i005
train_03825,AF,0,i049
train_03829,AF,0,i046
train_03832,AF,0,i001
train_03833,AF,0,i020
train_03834,AF,0,i042
train_03835,AF,0,i037
train_03836,AF,0,i005
train_03837,AF,0,i025
train_03838,AF,0,i001
train_03840,AF,0,i021
train_03841,AF,0,i046
train_03842,AF,0,i043
train_03843,AF,0,i017
train_03844,AF,0,i017
train_03845,AF,0,i017
train_03846,AF,0,i001
train_03848,AF,0,i021
train_03849,AF,0,i067
train_03851,AF,0,i015
train_03852,AF,0,i053
train_03854,AF,0,i015
train_03856,AF,0,i005
train_03857,AF,0,i027
train_03858,AF,0,i001
train_03860,AF,0,i001
train_03861,AF,0,i067
train_03863,AF,0,i001
train_03864,AF,0,i001
train_03865,AF,0,i024
train_03866,AF,0,i046
train_03867,AF,0,i026
train_03868,AF,0,i056
train_03869,AF,0,i005
train_03870,AF,0,i053
train_03872,AF,0,i058
train_03873,AF,0,i049
train_03874,AF,0,i005
train_03876,AF,0,i030
train_03877,AF,0,i011
train_03881,AF,0,i013
train_03882,AF,0,i064
train_03884,AF,0,i042
train_03889,AF,0,i051
train_03890,AF,0,i013
train_03891,AF,0,i047
train_03892,AF,0,i042
train_03893,AF,0,i005
train_03894,AF,0,i042
train_03895,AF,0,i013
train_03896,AF,0,i050
train_03898,AF,0,i054
train_03899,AF,0,i001
train_03900,AF,0,i013
train_03901,AF,0,i005
train_03905,AF,0,i029
train_03907,AF,0,i049
train_03909,AF,0,i062
train_03910,AF,0,i019
train_03911,AF,0,i001
train_03912,AF,0,i005
train_03913,AF,0,i027
train_03914,AF,0,i049
train_03915,AF,0,i013
train_03916,AF,0,i011
train_03919,AF,0,i033
train_03921,AF,0,i047
train_03922,AF,0,i009
train_03923,AF,0,i013
train_03924,AF,0,i052
train_03925,AF,0,i001
train_03927,AF,0,i013
train_03929,AF,0,i053
train_03932,AF,0,i005
train_03933,AF,0,i043
train_03934,AF,0,i052
train_03935,AF,0,i013
train_03938,AF,0,i003
train_03939,AF,0,i022
train_03940,AF,0,i011
train_03941,AF,0,i046
train_03942,AF,0,i021
train_03943,AF,0,i013
train_03945,AF,0,i042
train_03947,AF,0,i005
train_03948,AF,0,i019
train_03949,AF,0,i001
train_03951,AF,0,i058
train_03952,AF,0,i017
train_03953,AF,0,i031
train_03954,AF,0,i001
train_03955,AF,0,i043
train_03956,AF,0,i054
train_03957,AF,0,i001
train_03960,AF,0,i043
train_03962,AF,0,i011
train_03963,AF,0,i019
train_03964,AF,0,i001
train_03966,AF,0,i005
train_03968,AF,0,i001
train_03969,AF,0,i021
train_03970,AF,0,i032
train_03973,AF,0,i001
train_03975,AF,0,i049
train_03976,AF,0,i025
train_03977,AF,0,i049
train_03978,AF,0,i049
train_03979,AF,0,i027
train_03980,AF,0,i003
train_03981,AF,0,i001
train_03982,AF,0,i042
train_03983,AF,0,i026
train_03984,AF,0,i023
train_03985,AF,0,i011
train_03986,AF,0,i023
train_03987,AF,0,i001
train_03988,AF,0,i025
train_03991,AF,0,i011
train_03992,AF,0,i011
train_03993,AF,0,i023
train_03994,AF,0,i026
train_03997,AF,0,i042
train_03998,AF,0,i023
train_04000,AF,0,i019
train_04001,AF,0,i001
train_04002,AF,0,i050
train_04003,AF,0,i019
train_04004,AF,0,i001
train_04005,AF,0,i001
train_04006,AF,0,i013
train_04008,AF,0,i007
train_04009,AF,0,i003
train_04010,AF,0,i024
train_04011,AF,0,i025
train_04012,AF,0,i013
train_04013,AF,0,i045
train_04014,AF,0,i041
train_04017,AF,0,i024
train_04018,AF,0,i020
train_04019,AF,0,i011
train_04020,AF,0,i026
train_04021,AF,0,i062
train_04022,AF,0,i017
train_04023,AF,0,i059
train_04024,AF,0,i019
train_04025,AF,0,i030
train_04026,AF,0,i055
train_04028,AF,0,i024
train_04029,AF,0,i042
train_04030,AF,0,i057
train_04031,AF,0,i021
train_04033,AF,0,i013
train_04034,AF,0,i011
train_04035,AF,0,i023
train_04037,AF,0,i031
train_04038,AF,0,i011
train_04039,AF,0,i055
train_04040,AF,0,i001
train_04042,AF,0,i020
train_04043,AF,0,i001
train_04044,AF,0,i032
train_04045,AF,0,i053
train_04046,AF,0,i043
train_04047,AF,0,i025
train_04048,AF,0,i001
train_04049,AF,0,i001
train_04052,AF,0,i050
train_04053,AF,0,i042
train_04054,AF,0,i045
train_04055,AF,0,i026
train_04056,AF,0,i001
train_04057,AF,0,i001
train_04058,AF,0,i038
train_04060,AF,0,i027
train_04061,AF,0,i026
train_04062,AF,0,i066
train_04064,AF,0,i001
train_04065,AF,0,i019
train_04066,AF,0,i003
train_04068,AF,0,i042
train_04069,AF,0,i005
train_04070,AF,0,i044
train_04071,AF,0,i042
train_04072,AF,0,i021
train_04073,AF,0,i005
train_04075,AF,0,i001
train_04076,AF,0,i020
train_04077,AF,0,i011
train_04079,AF,0,i015
train_04081,AF,0,i049
train_04082,AF,0,i024
train_04083,AF,0,i011
train_04084,AF,0,i017
train_04085,AF,0,i011
train_04087,AF,0,i005
train_04088,AF,0,i051
train_04089,AF,0,i024
train_04090,AF,0,i040
train_04091,AF,0,i031
train_04092,AF,0,i013
train_04093,AF,0,i046
train_04096,AF,0,i024
train_04097,AF,0,i009
train_04098,AF,0,i054
train_04100,AF,0,i042
train_04102,AF,0,i024
train_04103,AF,0,i019
train_04104,AF,0,i001
train_04105,AF,0,i001
train_04107,AF,0,i023
train_04109,AF,0,i015
train_04110,AF,0,i013
train_04111,AF,0,i042
train_04112,AF,0,i017
train_04113,AF,0,i027
train_04116,AF,0,i049
train_04117,AF,0,i001
train_04118,AF,0,i051
train_04119,AF,0,i030
train_04120,AF,0,i001
train_04121,AF,0,i024
train_04122,AF,0,i048
train_04123,AF,0,i045
train_04124,AF,0,i013
train_04125,AF,0,i017
train_04126,AF,0,i025
train_04128,AF,0,i001
train_04129,AF,0,i051
train_04130,AF,0,i023
train_04131,AF,0,i031
train_04132,AF,0,i001
train_04133,AF,0,i043
train_04134,AF,0,i013
train_04135,MOETEN,4,i013
train_04136,MOETEN,4,i020
train_04137,MOETEN,4,i042
train_04138,MOETEN,4,i040
train_04141,MOETEN,4,i001
train_04142,MOETEN,4,i019
train_04143,MOETEN,4,i056
train_04144,MOETEN,4,i060
train_04145,MOETEN,4,i017
train_04147,MOETEN,4,i052
train_04148,MOETEN,4,i060
train_04149,MOETEN,4,i013
train_04150,MOETEN,4,i020
train_04152,MOETEN,4,i044
train_04153,MOETEN,4,i049
train_04154,MOETEN,4,i017
train_04157,MOETEN,4,i020
train_04158,MOETEN,4,i001
train_04159,MOETEN,4,i042
train_04160,MOETEN,4,i013
train_04161,MOETEN,4,i013
train_04162,MOETEN,4,i024
train_04163,MOETEN,4,i020
train_04164,MOETEN,4,i001
train_04165,MOETEN,4,i001
train_04166,MOETEN,4,i001
train_04167,MOETEN,4,i013
train_04169,MOETEN,4,i054
train_04170,MOETEN,4,i013
train_04171,MOETEN,4,i020
train_04172,MOETEN,4,i015
train_04173,MOETEN,4,i017
train_04174,MOETEN,4,i005
train_04175,MOETEN,4,i005
train_04176,MOETEN,4,i001
train_04177,MOETEN,4,i042
train_04178,MOETEN,4,i025
train_04180,MOETEN,4,i005
train_04181,MOETEN,4,i011
train_04184,MOETEN,4,i001
train_04185,MOETEN,4,i003
train_04186,MOETEN,4,i020
train_04187,MOETEN,4,i042
train_04189,MOETEN,4,i001
train_04190,MOETEN,4,i011
train_04191,MOETEN,4,i005
train_04192,MOETEN,4,i023
train_04193,MOETEN,4,i001
train_04194,MOETEN,4,i001
train_04196,MOETEN,4,i049
train_04197,MOETEN,4,i032
train_04198,MOETEN,4,i001
train_04199,MOETEN,4,i013
train_04200,MOETEN,4,i013
train_04201,MOETEN,4,i001
train_04202,MOETEN,4,i038
train_04203,MOETEN,4,i042
train_04205,MOETEN,4,i013
train_04206,MOETEN,4,i046
train_04207,MOETEN,4,i011
train_04209,MOETEN,4,i042
train_04210,MOETEN,4,i015
train_04211,MOETEN,4,i023
train_04212,MOETEN,4,i015
train_04213,MOETEN,4,i001
train_04214,MOETEN,4,i017
train_04215,MOETEN,4,i055
train_04218,MOETEN,4,i042
train_04220,MOETEN,4,i044
train_04222,MOETEN,4,i020
train_04223,MOETEN,4,i001
train_04225,MOETEN,4,i017
train_04226,MOETEN,4,i032
train_04227,MOETEN,4,i001
train_04228,MOETEN,4,i020
train_04229,MOETEN,4,i013
train_04230,MOETEN,4,i020
train_04231,MOETEN,4,i049
train_04232,MOETEN,4,i001
train_04233,MOETEN,4,i056
train_04234,MOETEN,4,i042
train_04236,MOETEN,4,i001
train_04237,MOETEN,4,i013
train_04239,MOETEN,4,i003
train_04240,MOETEN,4,i001
train_04241,MOETEN,4,i017
train_04242,MOETEN,4,i057
train_04243,MOETEN,4,i001
train_04244,MOETEN,4,i005
train_04245,MOETEN,4,i003
train_04246,MOETEN,4,i013
train_04247,MOETEN,4,i054
train_04248,MOETEN,4,i054
train_04249,MOETEN,4,i022
train_04251,MOETEN,4,i013
train_04253,MOETEN,4,i001
train_04254,MOETEN,4,i001
train_04255,MOETEN,4,i005
train_04256,MOETEN,4,i001
train_04257,MOETEN,4,i001
train_04258,MOETEN,4,i013
train_04259,MOETEN,4,i001
train_04260,MOETEN,4,i020
train_04261,MOETEN,4,i013
train_04262,MOETEN,4,i024
train_04263,MOETEN,4,i042
train_04264,MOETEN,4,i060
train_04265,MOETEN,4,i003
train_04266,MOETEN,4,i011
train_04267,MOETEN,4,i019
train_04268,MOETEN,4,i001
train_04269,MOETEN,4,i011
train_04270,MOETEN,4,i013
train_04271,MOETEN,4,i011
train_04273,MOETEN,4,i001
train_04275,MOETEN,4,i005
train_04276,MOETEN,4,i054
train_04277,MOETEN,4,i019
train_04278,MOETEN,4,i024
train_04279,MOETEN,4,i023
train_04280,MOETEN,4,i013
train_04281,MOETEN,4,i023
train_04282,MOETEN,4,i003
train_04283,MOETEN,4,i001
train_04285,MOETEN,4,i042
train_04287,MOETEN,4,i001
train_04288,MOETEN,4,i013
train_04289,MOETEN,4,i001
train_04290,MOETEN,4,i003
train_04291,MOETEN,4,i013
train_04295,MOETEN,4,i022
train_04297,MOETEN,4,i049
train_04298,MOETEN,4,i022
train_04299,MOETEN,4,i023
train_04300,MOETEN,4,i001
train_04301,MOETEN,4,i026
train_04303,MOETEN,4,i005
train_04304,MOETEN,4,i001
train_04305,MOETEN,4,i020
train_04307,MOETEN,4,i042
train_04308,MOETEN,4,i020
train_04309,MOETEN,4,i011
train_04310,MOETEN,4,i001
train_04312,MOETEN,4,i011
train_04313,MOETEN,4,i054
train_04314,MOETEN,4,i019
train_04315,MOETEN,4,i013
train_04316,MOETEN,4,i005
train_04318,MOETEN,4,i001
train_04319,MOETEN,4,i001
train_04321,MOETEN,4,i005
train_04322,MOETEN,4,i005
train_04323,MOETEN,4,i023
train_04324,MOETEN,4,i001
train_04325,MOETEN,4,i001
train_04326,MOETEN,4,i005
train_04327,MOETEN,4,i022
train_04329,MOETEN,4,i049
train_04330,MOETEN,4,i042
train_04332,MOETEN,4,i022
train_04333,MOETEN,4,i038
train_04336,MOETEN,4,i015
train_04337,MOETEN,4,i023
train_04338,MOETEN,4,i001
train_04339,MOETEN,4,i019
train_04341,MOETEN,4,i013
train_04342,MOETEN,4,i001
train_04343,MOETEN,4,i042
train_04345,MOETEN,4,i001
train_04348,MOETEN,4,i001
train_04349,MOETEN,4,i060
train_04350,MOETEN,4,i013
train_04351,MOETEN,4,i001
train_04352,MOETEN,4,i005
train_04353,MOETEN,4,i013
train_04354,MOETEN,4,i019
train_04355,MOETEN,4,i015
train_04356,MOETEN,4,i005
train_04357,MOETEN,4,i023
train_04358,MOETEN,4,i020
train_04359,MOETEN,4,i042
train_04360,MOETEN,4,i011
train_04361,MOETEN,4,i013
train_04362,MOETEN,4,i001
train_04363,MOETEN,4,i019
train_04364,MOETEN,4,i005
train_04365,MOETEN,4,i001
train_04366,MOETEN,4,i013
train_04367,MOETEN,4,i001
train_04368,MOETEN,4,i023
train_04370,MOETEN,4,i056
train_04371,MOETEN,4,i001
train_04372,MOETEN,4,i049
train_04373,MOETEN,4,i001
train_04374,MOETEN,4,i001
train_04375,MOETEN,4,i023
train_04377,MOETEN,4,i013
train_04379,MOETEN,4,i017
train_04380,MOETEN,4,i011
train_04382,MOETEN,4,i001
train_04384,MOETEN,4,i015
train_04385,MOETEN,4,i056
train_04386,MOETEN,4,i042
train_04387,MOETEN,4,i060
train_04388,MOETEN,4,i017
train_04389,MOETEN,4,i013
train_04390,MOETEN,4,i001
train_04391,MOETEN,4,i025
train_04392,MOETEN,4,i001
train_04393,MOETEN,4,i001
train_04394,MOETEN,4,i013
train_04395,MOETEN,4,i019
train_04396,MOETEN,4,i005
train_04397,MOETEN,4,i023
train_04398,MOETEN,4,i042
train_04399,MOETEN,4,i022
train_04400,MOETEN,4,i001
train_04401,MOETEN,4,i005
train_04402,MOETEN,4,i015
train_04404,MOETEN,4,i013
train_04405,MOETEN,4,i001
train_04406,MOETEN,4,i013
train_04408,MOETEN,4,i022
train_04410,MOETEN,4,i017
train_04411,MOETEN,4,i019
train_04412,HEBBEN,1,i053
train_04413,HEBBEN,1,i005
train_04414,HEBBEN,1,i048
train_04416,HEBBEN,1,i009
train_04417,HEBBEN,1,i023
train_04418,HEBBEN,1,i001
train_04419,HEBBEN,1,i001
train_04421,HEBBEN,1,i047
train_04422,HEBBEN,1,i020
train_04423,HEBBEN,1,i067
train_04424,HEBBEN,1,i013
train_04425,HEBBEN,1,i049
train_04426,HEBBEN,1,i003
train_04427,HEBBEN,1,i005
train_04428,HEBBEN,1,i025
train_04429,HEBBEN,1,i011
train_04430,HEBBEN,1,i017
train_04431,HEBBEN,1,i005
train_04432,HEBBEN,1,i005
train_04433,HEBBEN,1,i019
train_04434,HEBBEN,1,i025
train_04435,HEBBEN,1,i062
train_04436,HEBBEN,1,i020
train_04437,HEBBEN,1,i022
train_04438,HEBBEN,1,i019
train_04439,HEBBEN,1,i001
train_04441,HEBBEN,1,i048
train_04442,HEBBEN,1,i011
train_04443,HEBBEN,1,i053
train_04444,HEBBEN,1,i042
train_04445,HEBBEN,1,i064
train_04446,HEBBEN,1,i011
train_04448,HEBBEN,1,i053
train_04449,HEBBEN,1,i017
train_04450,HEBBEN,1,i051
train_04451,HEBBEN,1,i024
train_04452,HEBBEN,1,i003
train_04453,HEBBEN,1,i049
train_04454,HEBBEN,1,i045
train_04455,HEBBEN,1,i005
train_04456,HEBBEN,1,i003
train_04457,HEBBEN,1,i022
train_04458,HEBBEN,1,i019
train_04462,HEBBEN,1,i048
train_04463,HEBBEN,1,i051
train_04464,HEBBEN,1,i019
train_04465,HEBBEN,1,i005
train_04466,HEBBEN,1,i068
train_04468,HEBBEN,1,i009
train_04469,HEBBEN,1,i034
train_04471,HEBBEN,1,i005
train_04473,HEBBEN,1,i013
train_04474,HEBBEN,1,i022
train_04475,HEBBEN,1,i013
train_04476,HEBBEN,1,i007
train_04477,HEBBEN,1,i049
train_04478,HEBBEN,1,i066
train_04479,HEBBEN,1,i019
train_04480,HEBBEN,1,i019
train_04481,HEBBEN,1,i019
train_04482,HEBBEN,1,i019
train_04483,HEBBEN,1,i005
train_04484,HEBBEN,1,i011
train_04485,HEBBEN,1,i005
train_04486,HEBBEN,1,i013
train_04487,HEBBEN,1,i024
train_04488,HEBBEN,1,i025
train_04489,HEBBEN,1,i035
train_04490,HEBBEN,1,i025
train_04491,HEBBEN,1,i003
train_04492,HEBBEN,1,i054
train_04493,HEBBEN,1,i022
train_04494,HEBBEN,1,i001
train_04496,HEBBEN,1,i024
train_04497,HEBBEN,1,i019
train_04498,HEBBEN,1,i022
train_04499,HEBBEN,1,i053
train_04500,HEBBEN,1,i001
train_04503,HEBBEN,1,i066
train_04504,HEBBEN,1,i011
train_04505,HEBBEN,1,i026
train_04507,HEBBEN,1,i024
train_04508,HEBBEN,1,i048
train_04510,HEBBEN,1,i055
train_04511,HEBBEN,1,i021
train_04512,HEBBEN,1,i042
train_04513,HEBBEN,1,i017
train_04516,HEBBEN,1,i024
train_04517,HEBBEN,1,i023
train_04518,HEBBEN,1,i047
train_04519,HEBBEN,1,i050
train_04520,HEBBEN,1,i062
train_04521,HEBBEN,1,i051
train_04522,HEBBEN,1,i011
train_04524,HEBBEN,1,i032
train_04525,HEBBEN,1,i015
train_04527,HEBBEN,1,i019
train_04528,HEBBEN,1,i011
train_04529,HEBBEN,1,i029
train_04530,HEBBEN,1,i017
train_04531,HEBBEN,1,i005
train_04532,HEBBEN,1,i040
train_04533,HEBBEN,1,i005
train_04534,HEBBEN,1,i053
train_04535,HEBBEN,1,i013
train_04536,HEBBEN,1,i011
train_04537,HEBBEN,1,i026
train_04538,HEBBEN,1,i053
train_04539,HEBBEN,1,i001
train_04540,HEBBEN,1,i019
train_04541,HEBBEN,1,i034
train_04542,HEBBEN,1,i005
train_04543,HEBBEN,1,i026
train_04544,HEBBEN,1,i031
train_04545,HEBBEN,1,i058
train_04546,HEBBEN,1,i045
train_04547,HEBBEN,1,i047
train_04548,HEBBEN,1,i022
train_04549,HEBBEN,1,i001
train_04550,HEBBEN,1,i005
train_04551,HEBBEN,1,i035
train_04552,HEBBEN,1,i034
train_04553,HEBBEN,1,i005
train_04554,HEBBEN,1,i001
train_04555,HEBBEN,1,i019
train_04556,HEBBEN,1,i053
train_04557,HEBBEN,1,i005
train_04558,HEBBEN,1,i042
train_04559,HEBBEN,1,i053
train_04560,HEBBEN,1,i061
train_04561,HEBBEN,1,i001
train_04562,HEBBEN,1,i024
train_04563,HEBBEN,1,i060
train_04564,HEBBEN,1,i060
train_04565,HEBBEN,1,i046
train_04566,HEBBEN,1,i062
train_04567,HEBBEN,1,i005
train_04568,HEBBEN,1,i049
train_04570,HEBBEN,1,i026
train_04572,HEBBEN,1,i013
train_04573,HEBBEN,1,i009
train_04574,HEBBEN,1,i021
train_04575,HEBBEN,1,i042
train_04576,HEBBEN,1,i043
train_04577,HEBBEN,1,i031
train_04579,HEBBEN,1,i040
train_04581,HEBBEN,1,i054
train_04582,HEBBEN,1,i001
train_04584,HEBBEN,1,i064
train_04585,HEBBEN,1,i019
train_04586,HEBBEN,1,i003
train_04587,HEBBEN,1,i009
train_04588,HEBBEN,1,i005
train_04589,HEBBEN,1,i053
train_04590,HEBBEN,1,i042
train_04591,HEBBEN,1,i040
train_04592,HEBBEN,1,i022
train_04593,HEBBEN,1,i003
train_04594,HEBBEN,1,i009
train_04595,HEBBEN,1,i053
train_04596,HEBBEN,1,i013
train_04598,HEBBEN,1,i013
train_04599,HEBBEN,1,i025
train_04600,HEBBEN,1,i001
train_04601,HEBBEN,1,i054
train_04603,HEBBEN,1,i025
train_04604,HEBBEN,1,i003
train_04605,HEBBEN,1,i003
train_04608,HEBBEN,1,i005
train_04609,HEBBEN,1,i001
train_04610,HEBBEN,1,i011
train_04611,HEBBEN,1,i054
train_04612,HEBBEN,1,i021
train_04613,HEBBEN,1,i023
train_04614,HEBBEN,1,i020
train_04616,HEBBEN,1,i023
train_04617,HEBBEN,1,i026
train_04618,HEBBEN,1,i019
train_04619,HEBBEN,1,i009
train_04620,HEBBEN,1,i035
train_04621,HEBBEN,1,i009
train_04622,HEBBEN,1,i015
train_04623,HEBBEN,1,i001
train_04624,HEBBEN,1,i024
train_04625,HEBBEN,1,i011
train_04626,HEBBEN,1,i064
train_04627,HEBBEN,1,i040
train_04628,HEBBEN,1,i005
train_04630,HEBBEN,1,i005
train_04631,HEBBEN,1,i009
train_04632,HEBBEN,1,i045
train_04633,HEBBEN,1,i048
train_04634,HEBBEN,1,i054
train_04635,HEBBEN,1,i019
train_04636,HEBBEN,1,i035
train_04639,HEBBEN,1,i059
train_04640,HEBBEN,1,i021
train_04641,HEBBEN,1,i022
train_04643,HEBBEN,1,i025
train_04644,HEBBEN,1,i011
train_04645,HEBBEN,1,i005
train_04646,HEBBEN,1,i049
train_04647,HEBBEN,1,i005
train_04648,HEBBEN,1,i026
train_04649,HEBBEN,1,i048
train_04651,HEBBEN,1,i051
train_04653,HEBBEN,1,i053
train_04654,HEBBEN,1,i021
train_04655,HEBBEN,1,i020
train_04656,HEBBEN,1,i034
train_04657,HEBBEN,1,i005
train_04658,HEBBEN,1,i001
train_04659,HEBBEN,1,i042
train_04660,HEBBEN,1,i066
train_04661,HEBBEN,1,i001
train_04662,HEBBEN,1,i019
train_04664,HEBBEN,1,i011
train_04665,HEBBEN,1,i009
train_04666,HEBBEN,1,i009
train_04668,HEBBEN,1,i041
train_04669,HEBBEN,1,i035
train_04670,HEBBEN,1,i003
train_04671,HEBBEN,1,i019
train_04672,HEBBEN,1,i034
train_04673,HEBBEN,1,i003
train_04674,HEBBEN,1,i060
train_04676,HEBBEN,1,i009
train_04677,HEBBEN,1,i066
train_04678,HEBBEN,1,i009
train_04679,HEBBEN,1,i013
train_04681,HEBBEN,1,i009
train_04682,HEBBEN,1,i003
train_04683,HEBBEN,1,i062
train_04684,HEBBEN,1,i001
train_04685,HEBBEN,1,i053
train_04686,HEBBEN,1,i003
train_04687,HEBBEN,1,i051
train_04689,HEBBEN,1,i021
train_04691,HEBBEN,1,i009
train_04694,HEBBEN,1,i011
train_04696,HEBBEN,1,i005
train_04697,HEBBEN,1,i045
train_04699,HEBBEN,1,i049
train_04700,HEBBEN,1,i001
train_04701,HEBBEN,1,i009
train_04702,HEBBEN,1,i043
train_04703,HEBBEN,1,i005
train_04704,HEBBEN,1,i049
train_04706,HEBBEN,1,i019
train_04707,HEBBEN,1,i031
train_04708,HEBBEN,1,i053
train_04709,HEBBEN,1,i013
train_04712,HEBBEN,1,i042
train_04713,HEBBEN,1,i025
train_04714,HEBBEN,1,i049
train_04715,HEBBEN,1,i027
train_04716,HEBBEN,1,i015
train_04719,HEBBEN,1,i043
train_04720,HEBBEN,1,i040
train_04721,HEBBEN,1,i055
train_04722,HEBBEN,1,i001
train_04723,HEBBEN,1,i005
train_04724,HEBBEN,1,i011
train_04725,HEBBEN,1,i023
train_04726,HEBBEN,1,i013
train_04727,HEBBEN,1,i053
train_04729,HEBBEN,1,i001
train_04730,HEBBEN,1,i019
train_04731,HEBBEN,1,i011
train_04732,HEBBEN,1,i021
train_04733,HEBBEN,1,i031
train_04734,HEBBEN,1,i013
train_04735,HEBBEN,1,i049
train_04736,HEBBEN,1,i015
train_04739,HEBBEN,1,i044
train_04740,HEBBEN,1,i054
train_04741,HEBBEN,1,i039
train_04742,HEBBEN,1,i051
train_04743,HEBBEN,1,i034
train_04744,HEBBEN,1,i005
train_04745,HEBBEN,1,i021
train_04746,HEBBEN,1,i019
train_04747,HEBBEN,1,i035
train_04748,HEBBEN,1,i001
train_04749,HEBBEN,1,i009
train_04751,HEBBEN,1,i011
train_04753,HEBBEN,1,i066
train_04754,HEBBEN,1,i048
train_04755,HEBBEN,1,i005
train_04756,HEBBEN,1,i015
train_04757,HEBBEN,1,i011
train_04758,HEBBEN,1,i020
train_04759,HEBBEN,1,i011
train_04760,HEBBEN,1,i013
train_04762,HEBBEN,1,i001
train_04766,HEBBEN,1,i005
train_04768,HEBBEN,1,i049
train_04769,HEBBEN,1,i005
train_04770,HEBBEN,1,i013
train_04771,HEBBEN,1,i054
train_04772,HEBBEN,1,i048
train_04774,HEBBEN,1,i066
train_04775,HEBBEN,1,i045
train_04776,HEBBEN,1,i019
train_04777,HEBBEN,1,i041
train_04778,HEBBEN,1,i042
train_04779,HEBBEN,1,i011
train_04780,HEBBEN,1,i001
train_04781,HEBBEN,1,i048
train_04782,HEBBEN,1,i019
train_04783,HEBBEN,1,i001
train_04784,HEBBEN,1,i022
train_04785,HEBBEN,1,i064
train_04786,HEBBEN,1,i032
train_04787,HEBBEN,1,i015
train_04788,HEBBEN,1,i034
train_04789,HEBBEN,1,i053
train_04791,HEBBEN,1,i011
train_04793,HEBBEN,1,i003
train_04794,HEBBEN,1,i053
train_04795,HEBBEN,1,i048
train_04796,HEBBEN,1,i022
train_04798,HEBBEN,1,i035
train_04799,HEBBEN,1,i058
train_04800,HEBBEN,1,i054
train_04801,HEBBEN,1,i042
train_04802,HEBBEN,1,i005
train_04803,HEBBEN,1,i017
train_04805,HEBBEN,1,i009
train_04806,HEBBEN,1,i031
train_04808,HEBBEN,1,i019
train_04809,HEBBEN,1,i062
train_04810,HEBBEN,1,i005
train_04814,HEBBEN,1,i001
train_04815,HEBBEN,1,i035
train_04816,HEBBEN,1,i020
train_04817,HEBBEN,1,i021
train_04818,HEBBEN,1,i022
train_04819,HEBBEN,1,i033
train_04820,HEBBEN,1,i009
train_04821,HEBBEN,1,i038
train_04822,HEBBEN,1,i051
train_04824,HEBBEN,1,i009
train_04825,HEBBEN,1,i005
train_04827,HEBBEN,1,i049
train_04828,HEBBEN,1,i001
train_04829,HEBBEN,1,i039
train_04830,HEBBEN,1,i040
train_04831,HEBBEN,1,i050
train_04833,HEBBEN,1,i032
train_04836,HEBBEN,1,i009
train_04837,HEBBEN,1,i034
train_04838,HEBBEN,1,i058
train_04840,HEBBEN,1,i009
train_04842,HEBBEN,1,i060
train_04844,1,7,i001
train_04845,1,7,i013
train_04846,1,7,i005
train_04847,1,7,i013
train_04848,1,7,i011
train_04849,1,7,i046
train_04851,1,7,i022
train_04852,1,7,i032
train_04853,1,7,i005
train_04854,1,7,i024
train_04855,1,7,i017
train_04856,1,7,i019
train_04858,1,7,i017
train_04859,1,7,i013
train_04860,1,7,i003
train_04862,1,7,i001
train_04863,1,7,i013
train_04865,1,7,i013
train_04866,1,7,i013
train_04867,1,7,i032
train_04868,1,7,i035
train_04869,1,7,i001
train_04870,1,7,i033
train_04871,1,7,i047
train_04873,1,7,i019
train_04874,1,7,i001
train_04875,1,7,i039
train_04876,1,7,i024
train_04877,1,7,i017
train_04878,1,7,i039
train_04879,1,7,i060
train_04882,1,7,i001
train_04883,1,7,i005
train_04884,1,7,i055
train_04886,1,7,i024
train_04888,1,7,i001
train_04889,1,7,i011
train_04891,1,7,i060
train_04892,1,7,i005
train_04893,1,7,i013
train_04894,1,7,i003
train_04895,1,7,i001
train_04896,1,7,i044
train_04897,1,7,i020
train_04899,1,7,i013
train_04901,1,7,i065
train_04902,1,7,i053
train_04904,1,7,i013
train_04905,1,7,i019
train_04906,1,7,i062
train_04907,1,7,i005
train_04908,1,7,i005
train_04911,1,7,i039
train_04912,1,7,i005
train_04915,1,7,i055
train_04916,1,7,i022
train_04917,1,7,i013
train_04918,1,7,i005
train_04919,1,7,i013
train_04920,1,7,i001
train_04921,1,7,i001
train_04923,1,7,i044
train_04924,1,7,i056
train_04925,1,7,i005
train_04926,1,7,i011
train_04927,1,7,i011
train_04928,1,7,i013
train_04930,1,7,i062
train_04932,1,7,i056
train_04934,1,7,i013
train_04935,1,7,i001
train_04937,1,7,i013
train_04940,1,7,i017
train_04942,1,7,i033
train_04943,1,7,i017
train_04944,1,7,i005
train_04945,1,7,i023
train_04946,1,7,i023
train_04948,1,7,i011
train_04950,1,7,i013
train_04952,1,7,i001
train_04954,1,7,i005
train_04955,1,7,i032
train_04956,1,7,i009
train_04957,1,7,i013
train_04958,1,7,i005
train_04959,1,7,i005
train_04960,1,7,i049
train_04961,1,7,i005
train_04962,1,7,i038
train_04963,1,7,i001
train_04966,1,7,i001
train_04967,1,7,i001
train_04968,1,7,i049
train_04970,1,7,i049
train_04971,1,7,i001
train_04972,1,7,i011
train_04974,1,7,i015
train_04976,1,7,i038
train_04980,1,7,i001
train_04983,1,7,i024
train_04984,1,7,i017
train_04985,1,7,i001
train_04986,1,7,i005
train_04987,1,7,i017
train_04989,1,7,i013
train_04990,1,7,i031
train_04992,1,7,i038
train_04994,1,7,i019
train_04997,1,7,i049
train_04999,1,7,i017
train_05000,1,7,i001
train_05002,1,7,i001
train_05004,1,7,i013
train_05005,1,7,i046
train_05006,1,7,i049
train_05008,1,7,i020
train_05010,1,7,i013
train_05011,1,7,i022
train_05012,1,7,i001
train_05013,1,7,i013
train_05015,1,7,i023
train_05016,1,7,i001
train_05017,1,7,i034
train_05018,1,7,i017
train_05019,1,7,i007
train_05021,1,7,i049
train_05022,1,7,i001
train_05023,1,7,i001
train_05024,1,7,i005
train_05026,1,7,i001
train_05027,1,7,i001
train_05028,1,7,i001
train_05030,1,7,i001
train_05032,1,7,i013
train_05033,1,7,i005
train_05035,1,7,i056
train_05036,1,7,i001
train_05040,1,7,i045
train_05041,1,7,i034
train_05042,1,7,i013
train_05043,1,7,i048
train_05044,1,7,i001
train_05045,1,7,i049
train_05046,1,7,i017
train_05048,1,7,i060
train_05049,1,7,i068
train_05050,1,7,i049
train_05051,1,7,i026
train_05052,1,7,i013
train_05054,1,7,i019
train_05057,1,7,i056
train_05059,1,7,i011
train_05060,1,7,i020
train_05062,1,7,i001
train_05063,1,7,i029
train_05064,1,7,i005
train_05066,1,7,i011
train_05068,1,7,i013
train_05069,1,7,i011
train_05070,1,7,i032
train_05071,1,7,i055
train_05072,1,7,i054
train_05073,1,7,i001
train_05074,1,7,i013
train_05075,1,7,i052
train_05078,1,7,i005
train_05079,1,7,i001
train_05080,1,7,i021
train_05081,1,7,i001
train_05082,1,7,i001
train_05083,1,7,i001
train_05084,1,7,i001
train_05085,1,7,i005
train_05086,1,7,i056
train_05089,1,7,i013
train_05090,1,7,i001
train_05091,1,7,i001
train_05092,1,7,i013
train_05093,1,7,i001
train_05094,1,7,i001
train_05095,1,7,i013
train_05096,1,7,i020
train_05097,1,7,i062
train_05098,1,7,i056
train_05099,1,7,i001
train_05100,1,7,i011
train_05101,1,7,i013
